order_id,order_time,promised_time,delivery_time,origin_hub,destination_lat,destination_lon,distance_km,parcel_volume,traffic_index,delivery_cost
ORD100000,2025-01-01 00:00:00,2025-01-01 05:09:07.680318937,2025-01-01 05:43:37.228553659,Hub 3,12.886486438118133,80.17866606365831,16.83,5,0.733,167.65
ORD100001,2025-01-01 06:00:00,2025-01-01 11:16:17.780908447,2025-01-01 11:52:29.548241473,Hub 1,13.144153871193147,80.3034368308858,21.86,3,0.656,171.39
ORD100002,2025-01-01 12:00:00,2025-01-01 16:48:07.257236137,2025-01-01 17:16:36.661813675,Hub 3,13.1687401693895,80.13044170602865,19.82,1,0.592,141.68
ORD100003,2025-01-01 18:00:00,2025-01-01 21:30:50.938332199,2025-01-01 21:44:59.723475541,Hub 3,12.892983773646007,80.09691454132103,2.57,2,0.654,89.44
ORD100004,2025-01-02 00:00:00,2025-01-02 05:07:37.663266277,2025-01-02 05:34:23.893842469,Hub 1,12.932567112108279,80.30592688702109,14.73,6,0.474,175.45
ORD100005,2025-01-02 06:00:00,2025-01-02 11:33:43.541115148,2025-01-02 12:03:27.139108450,Hub 1,12.90793217862855,80.06395017593202,21.75,5,0.235,184.79
ORD100006,2025-01-02 12:00:00,2025-01-02 17:05:23.107554556,2025-01-02 17:38:27.530019262,Hub 3,12.915212307822943,80.23590983205982,19.68,3,0.64,165.26
ORD100007,2025-01-02 18:00:00,2025-01-03 00:39:12.887034951,2025-01-03 01:26:16.525827657,Hub 2,13.143121776150872,80.21859785424003,33.04,6,0.682,237.52
ORD100008,2025-01-03 00:00:00,2025-01-03 05:08:43.966662151,2025-01-03 05:43:50.930141581,Hub 3,12.966251244429229,80.1537761342505,18.55,4,0.68,172.63
ORD100009,2025-01-03 06:00:00,2025-01-03 11:13:12.956191723,2025-01-03 11:48:02.100315007,Hub 3,12.959005492415974,80.1445568563292,23.04,2,0.441,183.84
ORD100010,2025-01-03 12:00:00,2025-01-03 17:09:21.950838507,2025-01-03 17:48:45.547841127,Hub 3,12.929588467306989,80.28155731785448,20.47,3,0.898,169.9
ORD100011,2025-01-03 18:00:00,2025-01-04 00:25:14.077320736,2025-01-04 01:00:16.478656468,Hub 3,13.06276303782799,80.07592738322876,33.85,4,0.494,226.03
ORD100012,2025-01-04 00:00:00,2025-01-04 07:18:32.343946930,2025-01-04 07:54:08.549617030,Hub 1,12.982756994434942,80.12103529279341,39.11,7,0.327,267.3
ORD100013,2025-01-04 06:00:00,2025-01-04 11:13:21.369119196,2025-01-04 11:42:12.436278222,Hub 3,13.11048737814515,80.26973461955143,24.87,1,0.497,163.48
ORD100014,2025-01-04 12:00:00,2025-01-04 18:35:43.675305118,2025-01-04 19:02:14.493218488,Hub 2,12.921952932931474,80.21449617511793,35.95,4,0.518,216.37
ORD100015,2025-01-04 18:00:00,2025-01-04 22:40:48.548198056,2025-01-04 23:01:13.364379898,Hub 1,13.125726461050071,80.08839646256007,14.76,3,0.349,141.21
ORD100016,2025-01-05 00:00:00,2025-01-05 05:33:23.667971029,2025-01-05 06:05:52.771285483,Hub 2,13.061302536105549,80.31464068428461,25.28,3,0.604,180.5
ORD100017,2025-01-05 06:00:00,2025-01-05 11:27:13.466402341,2025-01-05 11:55:05.543224549,Hub 2,12.88999355501949,80.16803435396908,16.84,7,0.597,170.81
ORD100018,2025-01-05 12:00:00,2025-01-05 16:48:03.191939877,2025-01-05 17:08:52.928789553,Hub 2,12.995076604471269,80.29836051259664,19.81,1,0.523,152.69
ORD100019,2025-01-05 18:00:00,2025-01-06 00:23:28.138856082,2025-01-06 01:06:25.293893952,Hub 2,13.152231349214535,80.28631390465831,33.49,4,0.579,220.6
ORD100020,2025-01-06 00:00:00,2025-01-06 06:55:33.446022092,2025-01-06 07:35:46.091566784,Hub 1,13.173036081129469,80.23732763394152,39.91,4,0.444,250.8
ORD100021,2025-01-06 06:00:00,2025-01-06 09:45:07.290545032,2025-01-06 10:04:35.783744968,Hub 1,13.012995042811584,80.19834433938853,7.22,1,0.54,105.87
ORD100022,2025-01-06 12:00:00,2025-01-06 18:02:26.846408688,2025-01-06 18:42:33.642563160,Hub 2,13.018292942331176,80.34386525211453,29.29,4,0.659,201.92
ORD100023,2025-01-06 18:00:00,2025-01-07 00:09:09.655117754,2025-01-07 00:47:06.848333876,Hub 2,13.171459153728755,80.09348952171395,27.03,6,0.545,205.17
ORD100024,2025-01-07 00:00:00,2025-01-07 03:44:27.554005370,2025-01-07 04:11:42.194148242,Hub 1,13.055473878447797,80.26754671826534,7.09,1,0.625,97.44
ORD100025,2025-01-07 06:00:00,2025-01-07 10:13:33.436862677,2025-01-07 10:42:32.886308161,Hub 1,12.861496334585203,80.10735721043943,11.11,2,0.77,132.27
ORD100026,2025-01-07 12:00:00,2025-01-07 16:43:51.932182051,2025-01-07 17:06:14.447495185,Hub 1,13.169462312007694,80.1514789315997,15.37,3,0.668,134.34
ORD100027,2025-01-07 18:00:00,2025-01-07 22:03:53.410813545,2025-01-07 22:25:05.295730911,Hub 3,12.936879254965003,80.14260962301195,9.18,2,0.2,106.81
ORD100028,2025-01-08 00:00:00,2025-01-08 04:56:24.110324563,2025-01-08 05:29:21.111454021,Hub 3,13.05217118393204,80.33411079632161,12.48,6,0.609,162.25
ORD100029,2025-01-08 06:00:00,2025-01-08 11:10:32.050305314,2025-01-08 11:43:18.734614214,Hub 3,12.907929661099791,80.34020685333648,13.51,7,0.712,155.49
ORD100030,2025-01-08 12:00:00,2025-01-08 17:16:10.192446202,2025-01-08 17:43:41.613751876,Hub 2,12.861857706086308,80.10490463327041,16.43,6,0.63,181.01
ORD100031,2025-01-08 18:00:00,2025-01-09 00:36:07.136841135,2025-01-09 01:27:49.544623233,Hub 3,12.959015609896465,80.05661054808925,34.22,5,0.936,254.48
ORD100032,2025-01-09 00:00:00,2025-01-09 05:57:57.667429674,2025-01-09 06:32:40.458489762,Hub 2,13.12317349764113,80.26600241189892,26.59,5,0.527,204.73
ORD100033,2025-01-09 06:00:00,2025-01-09 13:27:02.582068172,2025-01-09 14:17:02.618296076,Hub 2,12.947155510420297,80.17539698016114,44.41,5,0.408,289.7
ORD100034,2025-01-09 12:00:00,2025-01-09 16:48:10.092167881,2025-01-09 17:16:17.980534309,Hub 3,12.927034024928384,80.07665207352626,19.83,1,0.698,159.35
ORD100035,2025-01-09 18:00:00,2025-01-10 00:28:04.859452495,2025-01-10 01:00:45.819280903,Hub 2,12.924438274519428,80.2551262316731,34.42,4,0.478,231.93
ORD100036,2025-01-10 00:00:00,2025-01-10 07:11:21.942635758,2025-01-10 07:59:01.772705584,Hub 3,13.030310788842383,80.2135316584782,39.47,6,0.499,265.16
ORD100037,2025-01-10 06:00:00,2025-01-10 11:53:58.822560189,2025-01-10 12:25:51.852400647,Hub 3,13.191439460488963,80.34415504660032,31.2,2,0.284,189.92
ORD100038,2025-01-10 12:00:00,2025-01-10 17:41:33.055151384,2025-01-10 18:17:17.686946456,Hub 1,13.010646145805953,80.1182228487584,19.71,7,0.542,194.33
ORD100039,2025-01-10 18:00:00,2025-01-11 00:10:01.370736620,2025-01-11 00:44:22.304846000,Hub 3,13.045056879111517,80.17119336289797,34.4,2,0.362,217.29
ORD100040,2025-01-11 00:00:00,2025-01-11 04:11:47.306077267,2025-01-11 04:36:59.372827333,Hub 1,13.151221206261756,80.21276374101862,10.76,2,0.659,116.77
ORD100041,2025-01-11 06:00:00,2025-01-11 10:38:25.422930823,2025-01-11 11:01:16.379178487,Hub 3,13.03727440162678,80.287509996536,16.08,2,0.393,118.84
ORD100042,2025-01-11 12:00:00,2025-01-11 18:10:32.239790781,2025-01-11 18:48:43.023976275,Hub 3,12.914562004996599,80.21465159701602,25.51,7,0.313,224.54
ORD100043,2025-01-11 18:00:00,2025-01-11 23:58:42.781095991,2025-01-12 00:42:30.023226121,Hub 1,12.954858569118267,80.23387004825858,26.74,5,0.738,213.6
ORD100044,2025-01-12 00:00:00,2025-01-12 03:32:45.625033597,2025-01-12 03:47:13.887274309,Hub 1,12.958477924194014,80.11784411547698,2.95,2,0.428,78.92
ORD100045,2025-01-12 06:00:00,2025-01-12 13:36:11.973034951,2025-01-12 14:34:45.123560652,Hub 3,12.989061340410158,80.30407561842657,42.64,7,0.714,301.22
ORD100046,2025-01-12 12:00:00,2025-01-12 18:42:46.491798704,2025-01-12 19:14:50.320528010,Hub 2,12.999376116867861,80.17858916409114,31.95,7,0.633,260.06
ORD100047,2025-01-12 18:00:00,2025-01-12 23:32:34.578377991,2025-01-13 00:10:55.783238379,Hub 1,13.129923707725993,80.09228788825652,23.32,4,0.371,159.92
ORD100048,2025-01-13 00:00:00,2025-01-13 07:33:37.341323866,2025-01-13 08:05:16.188473704,Hub 2,12.972285449667266,80.24925637435162,42.12,7,0.26,286.6
ORD100049,2025-01-13 06:00:00,2025-01-13 11:29:24.332791736,2025-01-13 11:56:23.939137208,Hub 2,13.013881139954481,80.1148271359556,20.88,5,0.446,170.2
ORD100050,2025-01-13 12:00:00,2025-01-13 18:58:47.618856487,2025-01-13 19:33:43.177149313,Hub 2,13.068741595467868,80.07926875307179,44.16,2,0.314,256.73
ORD100051,2025-01-13 18:00:00,2025-01-14 00:03:08.473368441,2025-01-14 00:38:30.503075349,Hub 1,12.982204081604058,80.30859607252128,24.03,7,0.495,212.85
ORD100052,2025-01-14 00:00:00,2025-01-14 03:43:34.286432973,2025-01-14 04:07:13.481709249,Hub 2,13.142797684652315,80.18804867934652,6.91,1,0.533,97.78
ORD100053,2025-01-14 06:00:00,2025-01-14 12:57:25.932544725,2025-01-14 13:36:23.487728415,Hub 1,13.055608761481926,80.27478511380873,34.89,7,0.582,255.18
ORD100054,2025-01-14 12:00:00,2025-01-14 18:02:57.780653503,2025-01-14 18:38:49.187303407,Hub 2,12.95291563772734,80.1371762679419,31.19,3,0.516,195.34
ORD100055,2025-01-14 18:00:00,2025-01-15 00:23:11.528704842,2025-01-15 01:04:21.632256276,Hub 3,13.09992071992644,80.2860910404753,35.24,3,0.807,229.54
ORD100056,2025-01-15 00:00:00,2025-01-15 07:01:33.602170562,2025-01-15 07:39:59.287221428,Hub 3,13.034676705550675,80.08358077810645,42.91,3,0.354,259.57
ORD100057,2025-01-15 06:00:00,2025-01-15 12:59:56.712004198,2025-01-15 13:49:19.809397732,Hub 1,13.037059561940035,80.15679201213845,35.39,7,0.79,273.55
ORD100058,2025-01-15 12:00:00,2025-01-15 18:06:26.242168593,2025-01-15 18:49:41.345017509,Hub 3,13.018380781935655,80.34341854539205,28.29,5,0.789,210.22
ORD100059,2025-01-15 18:00:00,2025-01-16 00:32:19.284840456,2025-01-16 01:04:57.478716258,Hub 3,13.023954182087436,80.2881969149104,38.86,2,0.44,241.26
ORD100060,2025-01-16 00:00:00,2025-01-16 06:28:44.879067674,2025-01-16 07:07:00.659152484,Hub 2,13.117874698373184,80.1991767790944,30.95,6,0.592,229.64
ORD100061,2025-01-16 06:00:00,2025-01-16 11:31:44.735833056,2025-01-16 12:05:35.904413016,Hub 1,12.88604351776596,80.15193324146856,19.55,6,0.507,188.14
ORD100062,2025-01-16 12:00:00,2025-01-16 19:14:24.494958718,2025-01-16 20:08:04.139372254,Hub 2,12.967026983958668,80.31164071000674,40.08,6,0.716,271.58
ORD100063,2025-01-16 18:00:00,2025-01-16 22:42:42.515944117,2025-01-16 23:08:44.350258231,Hub 2,12.87642617733136,80.21345432772534,11.54,5,0.607,147.07
ORD100064,2025-01-17 00:00:00,2025-01-17 06:19:38.872446322,2025-01-17 06:58:00.814193908,Hub 2,13.113636177261608,80.27752750536072,32.73,4,0.748,236.57
ORD100065,2025-01-17 06:00:00,2025-01-17 12:28:32.168568734,2025-01-17 13:13:32.752435082,Hub 2,12.945305649152104,80.27623230409485,39.91,1,0.74,225.59
ORD100066,2025-01-17 12:00:00,2025-01-17 17:56:13.983104173,2025-01-17 18:25:11.379199333,Hub 2,13.164100643436608,80.05538370357054,33.45,1,0.369,195.42
ORD100067,2025-01-17 18:00:00,2025-01-18 00:06:54.852905793,2025-01-18 00:51:16.943037477,Hub 2,13.034302463330752,80.08787613483779,31.98,3,0.725,219.31
ORD100068,2025-01-18 00:00:00,2025-01-18 06:18:49.033993525,2025-01-18 06:51:59.852645323,Hub 2,13.130262420020141,80.24788880991842,34.36,3,0.572,243.99
ORD100069,2025-01-18 06:00:00,2025-01-18 11:52:59.212703078,2025-01-18 12:24:39.361898540,Hub 1,13.192626002465586,80.09848594338575,22.0,7,0.719,200.86
ORD100070,2025-01-18 12:00:00,2025-01-18 19:11:56.801799826,2025-01-18 20:00:23.184593002,Hub 3,13.143926100809798,80.12664800339668,39.59,6,0.813,291.86
ORD100071,2025-01-18 18:00:00,2025-01-18 22:56:44.330529256,2025-01-18 23:26:50.344192144,Hub 2,13.153447816004032,80.33399138625988,10.75,7,0.701,176.19
ORD100072,2025-01-19 00:00:00,2025-01-19 04:31:23.284766406,2025-01-19 04:53:19.423419756,Hub 2,12.992794573377695,80.21805467751247,7.48,6,0.369,131.0
ORD100073,2025-01-19 06:00:00,2025-01-19 10:38:23.063263530,2025-01-19 10:57:29.772977136,Hub 2,13.043102908340769,80.2752188520998,14.28,3,0.398,134.53
ORD100074,2025-01-19 12:00:00,2025-01-19 17:22:17.348418397,2025-01-19 17:59:50.369010037,Hub 2,12.938860997415157,80.21739422163479,24.86,2,0.687,173.61
ORD100075,2025-01-19 18:00:00,2025-01-19 23:35:46.247160778,2025-01-20 00:09:25.157138866,Hub 2,12.918639584892707,80.2157540844348,23.95,4,0.637,189.79
ORD100076,2025-01-20 00:00:00,2025-01-20 07:09:25.723974027,2025-01-20 08:01:49.019160141,Hub 2,13.026927757687112,80.0782455730377,37.29,7,0.825,262.85
ORD100077,2025-01-20 06:00:00,2025-01-20 11:12:58.935667611,2025-01-20 11:46:03.332487033,Hub 3,13.058267142895147,80.15309895778273,19.4,4,0.625,170.35
ORD100078,2025-01-20 12:00:00,2025-01-20 17:30:08.043099159,2025-01-20 18:03:46.865336205,Hub 3,12.968744936063667,80.13472926960596,22.83,4,0.565,196.14
ORD100079,2025-01-20 18:00:00,2025-01-20 21:48:52.443114048,2025-01-20 22:10:34.432027764,Hub 2,13.049305231217225,80.16721850968408,2.57,4,0.576,94.45
ORD100080,2025-01-21 00:00:00,2025-01-21 05:05:05.636150113,2025-01-21 05:36:44.420088625,Hub 3,13.160611168879726,80.2895032564673,19.62,3,0.552,160.52
ORD100081,2025-01-21 06:00:00,2025-01-21 11:38:16.287605059,2025-01-21 12:03:54.534944011,Hub 1,13.044852554674177,80.16157980037505,29.85,1,0.468,174.14
ORD100082,2025-01-21 12:00:00,2025-01-21 15:40:20.057465082,2025-01-21 16:12:18.830240040,Hub 2,13.102284583708677,80.1855090457695,2.67,3,0.761,98.41
ORD100083,2025-01-21 18:00:00,2025-01-21 22:46:23.377350903,2025-01-21 23:12:28.149051741,Hub 1,13.131860238575266,80.1692144171456,14.08,4,0.541,149.06
ORD100084,2025-01-22 00:00:00,2025-01-22 04:21:42.637034833,2025-01-22 04:38:05.484018931,Hub 1,13.196055073684404,80.07802239159258,10.94,3,0.497,125.4
ORD100085,2025-01-22 06:00:00,2025-01-22 09:55:01.612032934,2025-01-22 10:14:43.152574600,Hub 2,13.061119090761942,80.18232164747523,3.81,4,0.426,99.78
ORD100086,2025-01-22 12:00:00,2025-01-22 17:38:02.455159898,2025-01-22 18:16:01.690309862,Hub 3,13.132397552136904,80.10868278191334,22.61,5,0.892,195.46
ORD100087,2025-01-22 18:00:00,2025-01-22 22:43:04.230482642,2025-01-22 23:09:17.973319880,Hub 1,13.186927261494205,80.10601698873191,9.81,6,0.34,145.04
ORD100088,2025-01-23 00:00:00,2025-01-23 05:58:45.751861243,2025-01-23 06:37:16.646389885,Hub 2,13.180543403952045,80.07821083133028,33.95,1,0.292,201.2
ORD100089,2025-01-23 06:00:00,2025-01-23 12:57:18.269700548,2025-01-23 13:35:51.435732140,Hub 1,12.899378647072199,80.15700129224253,38.46,5,0.553,260.12
ORD100090,2025-01-23 12:00:00,2025-01-23 17:25:18.048856432,2025-01-23 17:55:12.141284956,Hub 1,12.992237307895731,80.27724456543682,25.46,2,0.449,178.64
ORD100091,2025-01-23 18:00:00,2025-01-24 01:08:04.024718523,2025-01-24 01:40:09.018200007,Hub 1,12.963396521387379,80.13293250717501,44.21,3,0.482,273.32
ORD100092,2025-01-24 00:00:00,2025-01-24 05:04:51.173571972,2025-01-24 05:38:04.948563570,Hub 1,12.880423755232622,80.14370473056564,21.37,2,0.648,169.14
ORD100093,2025-01-24 06:00:00,2025-01-24 12:03:22.449911900,2025-01-24 12:38:40.647600776,Hub 3,13.071634271218835,80.24280239730172,24.07,7,0.64,216.45
ORD100094,2025-01-24 12:00:00,2025-01-24 19:09:40.909026056,2025-01-24 19:57:18.081055364,Hub 1,13.1075666146186,80.10875224377607,44.54,3,0.87,285.6
ORD100095,2025-01-24 18:00:00,2025-01-24 22:53:46.974823947,2025-01-24 23:15:01.902927501,Hub 1,13.14684483341341,80.31908737912705,11.96,6,0.447,155.52
ORD100096,2025-01-25 00:00:00,2025-01-25 07:17:38.842621832,2025-01-25 08:03:17.850817736,Hub 1,12.892971911381947,80.20605715697546,42.53,5,0.444,282.94
ORD100097,2025-01-25 06:00:00,2025-01-25 10:13:12.604461034,2025-01-25 10:45:08.114405638,Hub 3,13.156755426556352,80.18428088209606,3.84,6,0.631,126.61
ORD100098,2025-01-25 12:00:00,2025-01-25 17:48:58.390884396,2025-01-25 18:26:49.273153278,Hub 1,13.075023947264988,80.21734605757875,21.19,7,0.623,187.74
ORD100099,2025-01-25 18:00:00,2025-01-25 22:01:03.045306514,2025-01-25 22:21:49.646018926,Hub 1,13.096381147298478,80.09981029402485,5.01,4,0.654,121.56
ORD100100,2025-01-26 00:00:00,2025-01-26 06:40:47.128183586,2025-01-26 07:24:14.355637220,Hub 3,13.168718401239106,80.23404194159176,33.36,6,0.326,240.71
ORD100101,2025-01-26 06:00:00,2025-01-26 12:14:48.475272850,2025-01-26 12:51:35.671386676,Hub 3,13.068666444865137,80.1589302209902,28.16,6,0.642,223.7
ORD100102,2025-01-26 12:00:00,2025-01-26 18:17:55.581998733,2025-01-26 18:45:51.880741377,Hub 3,12.967553050002442,80.31915590228938,32.39,4,0.597,227.22
ORD100103,2025-01-26 18:00:00,2025-01-26 22:57:30.797159587,2025-01-26 23:28:10.508150605,Hub 1,13.13878756599793,80.1006562620033,18.1,3,0.557,153.4
ORD100104,2025-01-27 00:00:00,2025-01-27 05:05:26.316949005,2025-01-27 05:28:39.781096161,Hub 3,12.97707072426828,80.20211533115963,17.89,4,0.516,164.27
ORD100105,2025-01-27 06:00:00,2025-01-27 10:04:44.618698596,2025-01-27 10:26:52.776753288,Hub 3,12.861979838787185,80.2294337888107,3.95,5,0.301,102.87
ORD100106,2025-01-27 12:00:00,2025-01-27 17:19:14.289719934,2025-01-27 17:52:35.861527068,Hub 1,13.140729077297836,80.0600150805359,17.05,6,0.676,188.31
ORD100107,2025-01-27 18:00:00,2025-01-28 01:05:47.820389179,2025-01-28 01:49:36.387282709,Hub 3,12.970817250708446,80.15910793742684,41.96,4,0.469,261.69
ORD100108,2025-01-28 00:00:00,2025-01-28 05:34:32.022329628,2025-01-28 06:09:17.107895730,Hub 1,13.120842083120468,80.26979057041025,18.31,7,0.287,180.57
ORD100109,2025-01-28 06:00:00,2025-01-28 13:11:44.643410264,2025-01-28 13:44:53.580790004,Hub 2,12.97696526313308,80.29611325223469,37.75,7,0.317,258.49
ORD100110,2025-01-28 12:00:00,2025-01-28 19:05:05.999011274,2025-01-28 19:45:17.277308300,Hub 3,13.151373806991153,80.14394859844518,38.22,6,0.52,266.07
ORD100111,2025-01-28 18:00:00,2025-01-28 23:15:14.810917291,2025-01-28 23:43:00.208376569,Hub 2,12.926828683778336,80.28957798171481,18.05,5,0.428,170.87
ORD100112,2025-01-29 00:00:00,2025-01-29 05:43:52.653977112,2025-01-29 06:26:06.954293838,Hub 1,13.191091542819604,80.34032676313102,29.18,2,0.62,199.05
ORD100113,2025-01-29 06:00:00,2025-01-29 10:15:30.293669322,2025-01-29 10:44:01.120058076,Hub 3,13.12291557117581,80.30706218082253,6.1,5,0.838,119.17
ORD100114,2025-01-29 12:00:00,2025-01-29 15:41:17.453691470,2025-01-29 15:53:09.284722634,Hub 1,12.889983274072138,80.0852931964478,6.46,1,0.391,75.14
ORD100115,2025-01-29 18:00:00,2025-01-29 21:29:27.683861236,2025-01-29 21:51:52.678718404,Hub 2,13.048021816988296,80.27191909962566,4.09,1,0.651,88.21
ORD100116,2025-01-30 00:00:00,2025-01-30 05:23:55.094704537,2025-01-30 05:52:07.073967715,Hub 1,13.194878559284607,80.14590004973216,26.98,1,0.59,190.0
ORD100117,2025-01-30 06:00:00,2025-01-30 11:35:36.315611376,2025-01-30 12:13:33.176972736,Hub 3,13.014872908442834,80.34652479682362,20.32,6,0.68,183.74
ORD100118,2025-01-30 12:00:00,2025-01-30 18:10:49.617400969,2025-01-30 18:49:58.268161273,Hub 3,12.913737498587555,80.19560769494797,25.57,7,0.894,238.96
ORD100119,2025-01-30 18:00:00,2025-01-30 23:29:01.844157559,2025-01-31 00:10:05.990220865,Hub 2,13.01967242850262,80.08673016950767,24.41,3,0.483,183.44
ORD100120,2025-01-31 00:00:00,2025-01-31 05:28:17.618585070,2025-01-31 05:49:59.126257818,Hub 1,13.029360179558672,80.2675556644082,17.06,7,0.342,179.43
ORD100121,2025-01-31 06:00:00,2025-01-31 12:02:39.407051223,2025-01-31 12:41:11.515389333,Hub 3,13.109590430480033,80.14690335951586,31.13,3,0.741,211.39
ORD100122,2025-01-31 12:00:00,2025-01-31 18:20:04.674263820,2025-01-31 18:52:11.299812576,Hub 2,13.094596048606316,80.3491234471245,34.62,3,0.349,210.3
ORD100123,2025-01-31 18:00:00,2025-01-31 22:16:08.704539523,2025-01-31 22:53:07.416581647,Hub 3,12.990892515258942,80.34393473735635,2.63,7,0.619,132.32
ORD100124,2025-02-01 00:00:00,2025-02-01 04:48:33.425667018,2025-02-01 05:11:43.486910226,Hub 3,12.92630808762293,80.24684020540617,10.91,6,0.592,144.46
ORD100125,2025-02-01 06:00:00,2025-02-01 12:28:20.742698276,2025-02-01 13:19:07.312329746,Hub 1,13.075768958719264,80.0889479346855,32.67,5,0.616,228.28
ORD100126,2025-02-01 12:00:00,2025-02-01 17:00:07.400226978,2025-02-01 17:37:32.002793646,Hub 3,12.997596377093648,80.25605829930251,18.62,3,0.755,170.26
ORD100127,2025-02-01 18:00:00,2025-02-01 23:50:26.042915547,2025-02-02 00:29:14.681068989,Hub 1,12.896296673893865,80.07790914593801,30.49,2,0.678,187.55
ORD100128,2025-02-02 00:00:00,2025-02-02 05:27:35.818310577,2025-02-02 05:51:41.889448707,Hub 3,13.165200305432734,80.05880924773072,16.92,7,0.369,167.25
ORD100129,2025-02-02 06:00:00,2025-02-02 11:37:00.741465051,2025-02-02 12:08:28.810943043,Hub 2,13.09192765016338,80.29688753386644,18.8,7,0.311,186.04
ORD100130,2025-02-02 12:00:00,2025-02-02 15:53:06.957470598,2025-02-02 16:12:29.159237532,Hub 3,13.089114349755917,80.1129258843051,8.82,1,0.665,105.71
ORD100131,2025-02-02 18:00:00,2025-02-02 22:50:31.180153693,2025-02-02 23:26:54.311812087,Hub 1,13.137904356569086,80.16370813786573,13.1,5,0.614,156.19
ORD100132,2025-02-03 00:00:00,2025-02-03 05:29:09.811671849,2025-02-03 06:03:53.030955765,Hub 1,13.035381587529278,80.34203721699285,28.03,1,0.906,186.45
ORD100133,2025-02-03 06:00:00,2025-02-03 11:46:07.804135966,2025-02-03 12:24:24.368653750,Hub 2,13.13526904994086,80.15105215055833,20.63,7,0.68,221.47
ORD100134,2025-02-03 12:00:00,2025-02-03 18:59:28.504609983,2025-02-03 19:39:09.346669569,Hub 3,13.024331763728851,80.13894693438499,35.3,7,0.502,257.45
ORD100135,2025-02-03 18:00:00,2025-02-04 00:40:18.345918705,2025-02-04 01:14:43.502850885,Hub 3,12.873511389970497,80.32546239988683,38.66,3,0.544,240.41
ORD100136,2025-02-04 00:00:00,2025-02-04 05:51:27.238794994,2025-02-04 06:35:41.769922432,Hub 2,12.99183683080969,80.08322453359568,25.29,5,0.765,200.15
ORD100137,2025-02-04 06:00:00,2025-02-04 12:29:01.648067524,2025-02-04 13:05:14.673844180,Hub 3,13.024112712892961,80.27787472303439,34.61,4,0.34,230.14
ORD100138,2025-02-04 12:00:00,2025-02-04 16:33:59.068220209,2025-02-04 17:12:58.263975181,Hub 3,13.102070903571303,80.34641966999583,15.2,2,0.863,147.01
ORD100139,2025-02-04 18:00:00,2025-02-04 23:06:13.128678662,2025-02-04 23:25:24.915268952,Hub 1,12.887302555545036,80.32038880323239,19.84,3,0.507,172.12
ORD100140,2025-02-05 00:00:00,2025-02-05 06:46:14.832023196,2025-02-05 07:37:34.302019260,Hub 3,12.899006488531157,80.24550037561193,32.65,7,0.702,240.25
ORD100141,2025-02-05 06:00:00,2025-02-05 11:00:02.134707339,2025-02-05 11:40:56.111956989,Hub 3,12.942289330922115,80.14421823849781,18.61,3,0.546,156.09
ORD100142,2025-02-05 12:00:00,2025-02-05 17:34:31.713663550,2025-02-05 17:58:13.938217528,Hub 2,12.943274437679808,80.12629659435349,27.31,2,0.318,185.61
ORD100143,2025-02-05 18:00:00,2025-02-05 22:52:51.308850165,2025-02-05 23:32:52.014993177,Hub 2,13.106264602460671,80.29577653146143,9.97,7,0.582,159.22
ORD100144,2025-02-06 00:00:00,2025-02-06 05:36:57.049963120,2025-02-06 06:10:55.560255622,Hub 1,12.937755731196559,80.31394657418551,27.79,2,0.68,191.38
ORD100145,2025-02-06 06:00:00,2025-02-06 12:51:13.526823225,2025-02-06 13:27:09.026075199,Hub 3,13.071584322175106,80.2076304737637,39.05,4,0.612,257.58
ORD100146,2025-02-06 12:00:00,2025-02-06 18:43:45.451353723,2025-02-06 19:23:20.526875883,Hub 3,13.022995847548394,80.12330198223593,39.35,3,0.599,239.78
ORD100147,2025-02-06 18:00:00,2025-02-07 00:39:44.042841651,2025-02-07 01:20:22.974581277,Hub 3,13.05065303236279,80.08388296252335,33.15,6,0.327,251.22
ORD100148,2025-02-07 00:00:00,2025-02-07 06:17:20.218590081,2025-02-07 06:58:28.201984082,Hub 1,13.143337437112402,80.07615384034955,34.07,3,0.883,237.69
ORD100149,2025-02-07 06:00:00,2025-02-07 11:18:57.264042445,2025-02-07 11:52:15.557884819,Hub 1,12.991533525542158,80.26572323420615,25.99,1,0.82,167.81
ORD100150,2025-02-07 12:00:00,2025-02-07 18:00:42.218363138,2025-02-07 18:38:10.911340610,Hub 2,13.119818981972495,80.17603561835432,27.14,5,0.483,200.06
ORD100151,2025-02-07 18:00:00,2025-02-07 22:23:44.092500194,2025-02-07 22:51:05.597350466,Hub 1,12.99771262084274,80.32160796228335,7.75,5,0.623,121.63
ORD100152,2025-02-08 00:00:00,2025-02-08 04:54:25.783530634,2025-02-08 05:21:56.030137809,Hub 3,12.973854981796437,80.27190139021802,21.09,1,0.459,156.17
ORD100153,2025-02-08 06:00:00,2025-02-08 11:49:55.014062134,2025-02-08 12:29:34.841642122,Hub 3,13.185519512059626,80.10737812537437,21.38,7,0.649,193.5
ORD100154,2025-02-08 12:00:00,2025-02-08 19:21:04.622080114,2025-02-08 20:03:47.938694056,Hub 1,12.914529822237636,80.23413322564471,43.22,5,0.362,271.1
ORD100155,2025-02-08 18:00:00,2025-02-08 23:00:41.020527841,2025-02-08 23:26:59.654110777,Hub 3,12.881617936202163,80.18065163631944,20.54,2,0.567,162.23
ORD100156,2025-02-09 00:00:00,2025-02-09 05:53:06.520119244,2025-02-09 06:29:52.408138918,Hub 3,13.119845073937416,80.22317491923057,25.62,5,0.561,203.29
ORD100157,2025-02-09 06:00:00,2025-02-09 11:49:38.943050700,2025-02-09 12:22:19.396663956,Hub 1,12.873887396873931,80.27142073700155,24.93,5,0.644,204.66
ORD100158,2025-02-09 12:00:00,2025-02-09 17:35:54.226149871,2025-02-09 18:20:09.029119723,Hub 1,13.14297764674606,80.29185876430114,29.38,1,0.806,183.99
ORD100159,2025-02-09 18:00:00,2025-02-10 00:53:52.203524182,2025-02-10 01:41:52.698446008,Hub 3,13.003017688725034,80.30312119792201,34.17,7,0.875,266.8
ORD100160,2025-02-10 00:00:00,2025-02-10 04:34:23.040202605,2025-02-10 05:07:20.013167997,Hub 3,13.17042978705217,80.1261924623716,11.68,4,0.595,133.04
ORD100161,2025-02-10 06:00:00,2025-02-10 11:48:40.545006368,2025-02-10 12:27:39.153549398,Hub 3,13.102536501392667,80.05933467997521,24.74,5,0.762,201.52
ORD100162,2025-02-10 12:00:00,2025-02-10 19:01:34.338424375,2025-02-10 19:54:41.202334291,Hub 2,13.063641633452784,80.27178842054943,37.51,6,0.899,270.44
ORD100163,2025-02-10 18:00:00,2025-02-10 23:34:34.179808504,2025-02-11 00:06:18.716986810,Hub 2,13.182257378970217,80.08190311787673,21.91,5,0.587,189.59
ORD100164,2025-02-11 00:00:00,2025-02-11 04:45:52.102348218,2025-02-11 05:04:18.289729572,Hub 2,12.988827280568218,80.14447587658388,13.97,4,0.393,143.75
ORD100165,2025-02-11 06:00:00,2025-02-11 11:39:45.747072097,2025-02-11 11:59:09.556515739,Hub 1,13.183930427788871,80.0511451402373,30.15,1,0.401,181.66
ORD100166,2025-02-11 12:00:00,2025-02-11 18:43:06.599405809,2025-02-11 19:08:56.463030613,Hub 2,12.897250447097422,80.25450084472048,37.42,4,0.181,235.4
ORD100167,2025-02-11 18:00:00,2025-02-11 21:32:34.509778764,2025-02-11 21:55:20.350882572,Hub 1,13.019314229676343,80.10013960344136,4.72,1,0.812,89.05
ORD100168,2025-02-12 00:00:00,2025-02-12 06:15:00.597235953,2025-02-12 06:56:55.803285471,Hub 1,12.944468927837267,80.2465847229075,35.4,2,0.736,213.4
ORD100169,2025-02-12 06:00:00,2025-02-12 12:15:39.258335206,2025-02-12 13:03:26.755536436,Hub 2,13.038944972617868,80.34752278515035,37.33,1,0.828,222.66
ORD100170,2025-02-12 12:00:00,2025-02-12 17:07:13.645765894,2025-02-12 17:37:37.589421556,Hub 2,12.906704857262055,80.071801261483,21.85,2,0.705,169.94
ORD100171,2025-02-12 18:00:00,2025-02-13 00:59:24.642972960,2025-02-13 01:31:42.172638816,Hub 2,13.144535381108515,80.07312340358544,44.28,2,0.374,244.24
ORD100172,2025-02-13 00:00:00,2025-02-13 06:08:08.537595126,2025-02-13 06:35:55.618921632,Hub 3,13.146242747260095,80.1521140278,35.83,1,0.552,223.77
ORD100173,2025-02-13 06:00:00,2025-02-13 12:50:20.247087152,2025-02-13 13:41:02.952674084,Hub 2,13.184332709453217,80.3099159542754,35.27,6,0.797,267.21
ORD100174,2025-02-13 12:00:00,2025-02-13 18:17:47.117609916,2025-02-13 19:07:17.591202167,Hub 3,12.904135249309132,80.1146589606374,34.16,3,0.772,217.94
ORD100175,2025-02-13 18:00:00,2025-02-13 21:51:22.844531516,2025-02-13 22:19:56.552135876,Hub 1,13.068166392816746,80.1581133459791,8.48,1,0.643,112.32
ORD100176,2025-02-14 00:00:00,2025-02-14 04:41:42.278435242,2025-02-14 05:09:09.276615352,Hub 3,13.015983058045128,80.07055162198809,11.34,5,0.407,139.61
ORD100177,2025-02-14 06:00:00,2025-02-14 11:43:45.472695891,2025-02-14 12:13:29.689491801,Hub 2,12.97053430621548,80.27894658737766,21.95,6,0.219,192.92
ORD100178,2025-02-14 12:00:00,2025-02-14 17:00:45.656114475,2025-02-14 17:43:38.428419945,Hub 1,12.973039056396976,80.17249190282783,13.35,6,0.722,159.54
ORD100179,2025-02-14 18:00:00,2025-02-14 23:24:16.608543109,2025-02-15 00:04:40.627265557,Hub 1,12.994477742712363,80.27777461991825,19.86,5,0.813,192.03
ORD100180,2025-02-15 00:00:00,2025-02-15 06:48:01.187018006,2025-02-15 07:38:54.381249842,Hub 1,13.096723942391133,80.32108235330404,40.2,3,0.842,257.94
ORD100181,2025-02-15 06:00:00,2025-02-15 13:01:13.816905243,2025-02-15 13:42:22.381807653,Hub 3,13.059400120393853,80.11982894413039,37.45,6,0.526,254.28
ORD100182,2025-02-15 12:00:00,2025-02-15 17:43:27.514432390,2025-02-15 18:17:17.353348006,Hub 2,13.010888529466396,80.29221880910198,29.09,2,0.866,191.18
ORD100183,2025-02-15 18:00:00,2025-02-16 00:41:29.753085840,2025-02-16 01:12:39.785063766,Hub 1,12.876576693629367,80.06772816702347,38.9,3,0.348,227.65
ORD100184,2025-02-16 00:00:00,2025-02-16 07:01:30.663818320,2025-02-16 07:51:11.262622720,Hub 1,12.877217870427634,80.31965421645407,35.7,7,0.783,268.12
ORD100185,2025-02-16 06:00:00,2025-02-16 11:27:13.905620748,2025-02-16 12:00:15.253456236,Hub 1,12.850818786719023,80.24523056426762,20.45,5,0.559,186.63
ORD100186,2025-02-16 12:00:00,2025-02-16 16:20:13.740461444,2025-02-16 16:51:17.004557810,Hub 3,13.18869478587248,80.3122680172415,10.65,3,0.443,127.77
ORD100187,2025-02-16 18:00:00,2025-02-16 23:09:33.193416121,2025-02-16 23:41:48.094705921,Hub 3,12.851838836495434,80.05005651986697,24.11,1,0.683,166.99
ORD100188,2025-02-17 00:00:00,2025-02-17 06:15:17.352584618,2025-02-17 06:54:43.955327678,Hub 2,12.88608281110481,80.1007243211068,33.66,3,0.421,209.54
ORD100189,2025-02-17 06:00:00,2025-02-17 11:01:49.812823610,2025-02-17 11:26:52.893568190,Hub 3,12.960108794883293,80.16692781622794,20.77,2,0.512,153.01
ORD100190,2025-02-17 12:00:00,2025-02-17 17:42:21.357636213,2025-02-17 18:13:40.778208255,Hub 1,13.132600588135865,80.16385087101241,30.67,1,0.581,202.65
ORD100191,2025-02-17 18:00:00,2025-02-17 22:06:16.823799154,2025-02-17 22:26:41.193036634,Hub 2,13.186734575017441,80.11801911487704,6.06,4,0.709,112.73
ORD100192,2025-02-18 00:00:00,2025-02-18 06:35:49.261099192,2025-02-18 07:14:38.980113184,Hub 1,13.126504745577149,80.16448358196016,34.16,5,0.65,242.64
ORD100193,2025-02-18 06:00:00,2025-02-18 12:49:44.005696618,2025-02-18 13:30:15.933665716,Hub 1,13.091696081355973,80.08865461360007,36.95,5,0.403,239.63
ORD100194,2025-02-18 12:00:00,2025-02-18 18:08:58.208339569,2025-02-18 18:52:43.110065209,Hub 3,13.03245523359475,80.1738283387798,32.39,3,0.856,224.86
ORD100195,2025-02-18 18:00:00,2025-02-19 01:31:57.700279088,2025-02-19 02:29:01.585726616,Hub 2,12.880346824151763,80.29070629874778,43.59,6,0.775,287.93
ORD100196,2025-02-19 00:00:00,2025-02-19 06:16:43.811541242,2025-02-19 06:57:56.133822620,Hub 3,13.185359777551374,80.193721018931,37.55,1,0.726,233.59
ORD100197,2025-02-19 06:00:00,2025-02-19 13:00:09.909089607,2025-02-19 13:42:32.042415645,Hub 3,13.115437344880988,80.05540002668356,40.83,4,0.627,267.23
ORD100198,2025-02-19 12:00:00,2025-02-19 18:39:43.066976605,2025-02-19 19:30:00.388913047,Hub 2,13.07363228486699,80.17643321247377,42.14,1,0.595,237.93
ORD100199,2025-02-19 18:00:00,2025-02-20 00:47:17.389095172,2025-02-20 01:26:07.309092814,Hub 1,13.115662545938596,80.05815250482725,36.46,5,0.47,246.51
ORD100200,2025-02-20 00:00:00,2025-02-20 05:43:57.939061882,2025-02-20 06:21:55.126584844,Hub 1,13.103436165245597,80.33987302321204,30.99,1,0.544,189.64
ORD100201,2025-02-20 06:00:00,2025-02-20 09:47:13.769699553,2025-02-20 10:09:56.789870457,Hub 2,13.07303105292632,80.08823618782685,2.25,4,0.7,89.07
ORD100202,2025-02-20 12:00:00,2025-02-20 17:44:09.152216577,2025-02-20 18:27:02.741970171,Hub 1,13.193201880062995,80.26230649789917,22.03,6,0.729,193.25
ORD100203,2025-02-20 18:00:00,2025-02-20 23:39:47.993652226,2025-02-21 00:24:08.324190184,Hub 2,13.166177334422608,80.34183289686761,26.56,3,0.824,198.61
ORD100204,2025-02-21 00:00:00,2025-02-21 04:33:21.990514579,2025-02-21 04:57:28.059465295,Hub 2,13.076332721691006,80.29781171549996,15.07,2,0.471,136.32
ORD100205,2025-02-21 06:00:00,2025-02-21 10:27:23.547365053,2025-02-21 10:44:38.988859159,Hub 3,13.092611324009923,80.25979461253786,15.68,1,0.756,135.16
ORD100206,2025-02-21 12:00:00,2025-02-21 18:54:38.956462660,2025-02-21 19:39:32.958662452,Hub 2,12.868058532330549,80.30183827285022,43.33,2,0.719,254.95
ORD100207,2025-02-21 18:00:00,2025-02-22 01:06:43.070161114,2025-02-22 01:54:55.564973770,Hub 3,13.084471112592514,80.34453960797818,40.34,5,0.495,271.8
ORD100208,2025-02-22 00:00:00,2025-02-22 06:39:34.409170972,2025-02-22 07:11:52.039400188,Hub 1,12.865457903198534,80.23640334917606,38.51,3,0.159,234.45
ORD100209,2025-02-22 06:00:00,2025-02-22 11:40:17.552242009,2025-02-22 12:13:07.985869963,Hub 1,13.055892314939475,80.2177554420488,19.46,7,0.376,195.88
ORD100210,2025-02-22 12:00:00,2025-02-22 15:39:56.711300274,2025-02-22 15:44:48.045738108,Hub 1,13.199773724848042,80.23847143313898,2.59,3,0.302,71.72
ORD100211,2025-02-22 18:00:00,2025-02-22 21:36:14.866979277,2025-02-22 21:50:17.738742615,Hub 1,13.044532303503013,80.20980276602846,5.45,1,0.526,55.03
ORD100212,2025-02-23 00:00:00,2025-02-23 05:11:07.333150005,2025-02-23 05:44:07.340428899,Hub 3,13.015623541328466,80.24052673177292,15.42,6,0.538,170.82
ORD100213,2025-02-23 06:00:00,2025-02-23 09:40:23.083577644,2025-02-23 10:03:13.867865140,Hub 1,12.959499199776955,80.18495266239177,2.68,3,0.593,80.7
ORD100214,2025-02-23 12:00:00,2025-02-23 15:22:41.232186706,2025-02-23 15:52:16.338271114,Hub 2,12.892182902575263,80.11553295486499,2.74,1,0.82,79.2
ORD100215,2025-02-23 18:00:00,2025-02-24 00:36:04.182591186,2025-02-24 01:14:26.217662886,Hub 2,13.105858285010399,80.0860741679535,41.41,1,0.593,236.37
ORD100216,2025-02-24 00:00:00,2025-02-24 05:59:49.444677337,2025-02-24 06:42:12.282802339,Hub 2,12.91740965972497,80.07050228065968,32.36,2,0.782,225.27
ORD100217,2025-02-24 06:00:00,2025-02-24 10:43:25.532271879,2025-02-24 11:04:45.242090043,Hub 3,12.89034870743655,80.12899473512596,15.29,3,0.334,143.07
ORD100218,2025-02-24 12:00:00,2025-02-24 15:47:31.115051052,2025-02-24 16:00:05.494994574,Hub 1,12.997616930905679,80.06383706930072,7.7,1,0.471,96.1
ORD100219,2025-02-24 18:00:00,2025-02-24 23:18:00.100760846,2025-02-24 23:30:23.342909840,Hub 1,13.128369643285684,80.22015123397581,24.0,2,0.299,174.47
ORD100220,2025-02-25 00:00:00,2025-02-25 03:47:08.965475019,2025-02-25 04:15:58.416081993,Hub 1,13.110772591842077,80.13514853410705,2.23,4,0.778,104.87
ORD100221,2025-02-25 06:00:00,2025-02-25 13:34:45.537295771,2025-02-25 14:26:33.362136733,Hub 3,12.869208915126265,80.29736044242611,42.35,7,0.685,288.92
ORD100222,2025-02-25 12:00:00,2025-02-25 16:57:11.115040118,2025-02-25 17:21:09.780847280,Hub 2,13.009300289762654,80.07227226189652,19.84,2,0.526,163.41
ORD100223,2025-02-25 18:00:00,2025-02-25 22:54:30.120922562,2025-02-25 23:12:41.168236292,Hub 2,13.032852101624908,80.11790544830244,19.3,2,0.507,143.32
ORD100224,2025-02-26 00:00:00,2025-02-26 04:42:58.657537803,2025-02-26 05:07:41.223860523,Hub 1,13.075591327719037,80.26907384412704,18.8,1,0.389,142.31
ORD100225,2025-02-26 06:00:00,2025-02-26 10:09:54.335462000,2025-02-26 10:36:35.214057716,Hub 2,13.077558572655128,80.22964248891505,4.98,5,0.711,107.76
ORD100226,2025-02-26 12:00:00,2025-02-26 18:12:14.356893315,2025-02-26 18:56:00.844307889,Hub 2,12.977644037310057,80.06934738137474,29.45,5,0.692,224.15
ORD100227,2025-02-26 18:00:00,2025-02-27 00:41:35.746693206,2025-02-27 01:27:40.336093788,Hub 3,13.046237017901229,80.31317183714866,33.52,6,0.373,242.78
ORD100228,2025-02-27 00:00:00,2025-02-27 06:20:22.017628888,2025-02-27 06:48:13.731221116,Hub 3,13.01837165934543,80.31317852884784,31.07,5,0.559,240.1
ORD100229,2025-02-27 06:00:00,2025-02-27 09:57:45.817863948,2025-02-27 10:17:50.340587100,Hub 3,13.159749424783147,80.14912240116273,7.95,2,0.648,94.84
ORD100230,2025-02-27 12:00:00,2025-02-27 18:08:27.038167659,2025-02-27 18:48:24.743329527,Hub 3,13.035592796422215,80.15212175300486,26.89,6,0.689,214.91
ORD100231,2025-02-27 18:00:00,2025-02-27 23:21:26.349845821,2025-02-28 00:04:12.569844979,Hub 1,13.004361256611856,80.34670850750504,26.49,1,0.777,186.37
ORD100232,2025-02-28 00:00:00,2025-02-28 06:43:42.499164442,2025-02-28 07:14:26.790796600,Hub 3,12.991569907388648,80.23785285147794,39.34,3,0.511,247.14
ORD100233,2025-02-28 06:00:00,2025-02-28 11:34:30.746793046,2025-02-28 12:16:50.970489304,Hub 2,13.050349715801712,80.20939495617041,18.3,7,0.484,188.99
ORD100234,2025-02-28 12:00:00,2025-02-28 17:32:52.168673205,2025-02-28 18:11:14.252222109,Hub 1,13.131391942790314,80.30144565506558,17.97,7,0.692,182.68
ORD100235,2025-02-28 18:00:00,2025-02-28 23:40:58.999057464,2025-03-01 00:21:15.699775386,Hub 2,13.038440521633275,80.1355871015072,28.6,2,0.881,194.0
ORD100236,2025-03-01 00:00:00,2025-03-01 05:44:06.637230142,2025-03-01 06:16:16.590193990,Hub 2,13.081579311278189,80.1787547780189,29.22,2,0.563,204.96
ORD100237,2025-03-01 06:00:00,2025-03-01 11:44:53.779432502,2025-03-01 12:22:33.538121840,Hub 2,13.108249518417283,80.1303330026465,22.18,6,0.746,200.66
ORD100238,2025-03-01 12:00:00,2025-03-01 16:54:15.465774063,2025-03-01 17:26:10.574325099,Hub 3,13.032058838457555,80.28674825397661,21.05,1,0.544,155.3
ORD100239,2025-03-01 18:00:00,2025-03-01 23:32:14.504951227,2025-03-01 23:56:55.090964107,Hub 3,12.999385969829202,80.22200480369057,23.25,4,0.449,182.71
ORD100240,2025-03-02 00:00:00,2025-03-02 06:33:07.484363593,2025-03-02 07:16:32.240254387,Hub 1,13.156832882251857,80.24764752104201,39.02,2,0.689,229.22
ORD100241,2025-03-02 06:00:00,2025-03-02 11:25:09.053026176,2025-03-02 11:59:31.686316332,Hub 1,12.996127129409762,80.12569217495182,21.83,4,0.732,190.79
ORD100242,2025-03-02 12:00:00,2025-03-02 19:08:05.120116411,2025-03-02 19:51:04.619507905,Hub 3,13.011679997701455,80.1160675904132,42.42,4,0.699,273.16
ORD100243,2025-03-02 18:00:00,2025-03-02 23:43:21.648550393,2025-03-03 00:28:26.581665769,Hub 2,13.196619459669622,80.19651238869487,23.67,5,0.465,212.17
ORD100244,2025-03-03 00:00:00,2025-03-03 06:43:04.688942034,2025-03-03 07:27:27.232660620,Hub 1,12.850083133251559,80.27126972472784,42.82,1,0.689,238.49
ORD100245,2025-03-03 06:00:00,2025-03-03 13:12:03.531534112,2025-03-03 13:59:08.165882446,Hub 3,12.914915518351853,80.20757192725604,37.81,7,0.509,276.56
ORD100246,2025-03-03 12:00:00,2025-03-03 17:30:55.364061744,2025-03-03 18:19:39.645593688,Hub 3,12.984387361471903,80.0597937032637,17.58,7,0.915,182.66
ORD100247,2025-03-03 18:00:00,2025-03-04 00:51:40.974334725,2025-03-04 01:29:45.485424981,Hub 3,13.176406468298838,80.31056545189608,39.14,4,0.706,256.76
ORD100248,2025-03-04 00:00:00,2025-03-04 04:36:39.816366195,2025-03-04 05:15:23.554291419,Hub 2,12.874510397011614,80.06940606805453,6.73,7,0.631,149.7
ORD100249,2025-03-04 06:00:00,2025-03-04 12:37:53.108561924,2025-03-04 13:07:58.945141676,Hub 3,12.853319901769973,80.33674734511622,41.78,1,0.727,226.42
ORD100250,2025-03-04 12:00:00,2025-03-04 18:10:48.201344569,2025-03-04 18:39:35.477873659,Hub 3,12.86843934259203,80.05754258748318,29.16,5,0.364,213.11
ORD100251,2025-03-04 18:00:00,2025-03-04 21:30:41.640655939,2025-03-04 21:49:49.952299219,Hub 3,12.880990193714766,80.25833513683921,4.34,1,0.702,80.76
ORD100252,2025-03-05 00:00:00,2025-03-05 05:46:30.911735096,2025-03-05 06:24:00.445283126,Hub 3,12.863158870622192,80.07466211911353,29.7,2,0.61,192.33
ORD100253,2025-03-05 06:00:00,2025-03-05 13:15:27.794738466,2025-03-05 14:02:19.336875462,Hub 1,13.017923464399777,80.32320297383053,43.89,4,0.625,276.93
ORD100254,2025-03-05 12:00:00,2025-03-05 15:34:00.428444529,2025-03-05 15:50:35.798830857,Hub 1,13.053265022529564,80.18932997086766,5.0,1,0.527,93.51
ORD100255,2025-03-05 18:00:00,2025-03-06 00:12:15.471456163,2025-03-06 00:52:33.824586601,Hub 3,12.945090439874152,80.09125713244511,25.85,7,0.626,221.03
ORD100256,2025-03-06 00:00:00,2025-03-06 06:17:46.547111896,2025-03-06 06:41:54.154387389,Hub 2,12.989400584391472,80.15224470993695,34.16,3,0.229,218.68
ORD100257,2025-03-06 06:00:00,2025-03-06 12:13:12.335768425,2025-03-06 12:43:49.792979599,Hub 1,12.882094767289,80.09944740260403,36.84,1,0.654,221.73
ORD100258,2025-03-06 12:00:00,2025-03-06 17:14:58.374302640,2025-03-06 17:54:05.953960830,Hub 3,12.967729662339947,80.10117457346712,19.79,4,0.744,175.04
ORD100259,2025-03-06 18:00:00,2025-03-06 22:38:53.748613269,2025-03-06 23:13:05.931762867,Hub 1,13.032881717072083,80.33443249605142,10.78,5,0.692,135.4
ORD100260,2025-03-07 00:00:00,2025-03-07 04:22:06.215396163,2025-03-07 04:59:22.252240376,Hub 1,13.106295132514624,80.18357383368543,3.82,7,0.67,139.31
ORD100261,2025-03-07 06:00:00,2025-03-07 11:59:38.467426552,2025-03-07 12:28:57.917024182,Hub 2,12.851171226715042,80.2866406791716,26.93,5,0.439,209.23
ORD100262,2025-03-07 12:00:00,2025-03-07 17:23:22.552806451,2025-03-07 18:02:43.841063689,Hub 3,13.013558768288178,80.2418816683533,21.48,4,0.723,184.82
ORD100263,2025-03-07 18:00:00,2025-03-08 01:36:58.802697432,2025-03-08 02:26:16.738457742,Hub 3,12.953951006759208,80.25292790870151,42.8,7,0.667,287.63
ORD100264,2025-03-08 00:00:00,2025-03-08 03:41:01.803309522,2025-03-08 04:15:36.911744490,Hub 2,13.148487637592165,80.08950803154161,4.61,2,0.924,95.15
ORD100265,2025-03-08 06:00:00,2025-03-08 12:40:21.599930452,2025-03-08 13:23:27.507986782,Hub 2,13.100443660331983,80.12025533404464,31.47,7,0.407,239.92
ORD100266,2025-03-08 12:00:00,2025-03-08 15:33:22.064265349,2025-03-08 15:48:02.181193981,Hub 3,13.056187987064813,80.28602510054633,3.07,2,0.357,68.77
ORD100267,2025-03-08 18:00:00,2025-03-08 22:31:51.500879565,2025-03-08 22:58:03.168151923,Hub 3,12.94704297599387,80.34122986194242,9.37,5,0.61,123.05
ORD100268,2025-03-09 00:00:00,2025-03-09 05:32:31.169099004,2025-03-09 06:12:53.295034164,Hub 2,13.168618685720137,80.12880269277959,21.5,5,0.649,183.5
ORD100269,2025-03-09 06:00:00,2025-03-09 11:23:47.854512157,2025-03-09 12:04:12.263486731,Hub 1,12.865785237027113,80.13147062942531,21.56,4,0.773,187.18
ORD100270,2025-03-09 12:00:00,2025-03-09 17:55:25.537003845,2025-03-09 18:33:54.715388637,Hub 1,12.88831365953769,80.19186913984326,31.49,2,0.864,205.29
ORD100271,2025-03-09 18:00:00,2025-03-10 01:10:41.748149794,2025-03-10 01:43:53.803173100,Hub 2,12.987070549189124,80.34515209385663,41.14,5,0.389,257.4
ORD100272,2025-03-10 00:00:00,2025-03-10 05:45:23.514850000,2025-03-10 06:13:19.309225552,Hub 1,12.893553145053898,80.13068768374794,29.48,2,0.406,186.42
ORD100273,2025-03-10 06:00:00,2025-03-10 13:20:00.602762283,2025-03-10 14:13:10.990136415,Hub 2,13.184745494145798,80.17209157289028,43.0,5,0.578,273.52
ORD100274,2025-03-10 12:00:00,2025-03-10 19:22:32.841754424,2025-03-10 20:10:03.203968106,Hub 1,13.129296262750184,80.31744400468705,39.91,7,0.373,273.25
ORD100275,2025-03-10 18:00:00,2025-03-10 23:24:40.047362348,2025-03-10 23:49:08.551155308,Hub 1,12.940643928060634,80.0508763097864,27.13,1,0.545,195.18
ORD100276,2025-03-11 00:00:00,2025-03-11 06:36:15.916166852,2025-03-11 07:08:14.748473474,Hub 3,13.055993980140636,80.06192978949657,37.85,3,0.5,246.42
ORD100277,2025-03-11 06:00:00,2025-03-11 12:31:09.251173174,2025-03-11 13:17:09.119479192,Hub 3,13.193815680278028,80.23122150312136,29.63,7,0.513,243.91
ORD100278,2025-03-11 12:00:00,2025-03-11 16:20:53.396018916,2025-03-11 16:39:20.053336596,Hub 1,13.159469642346025,80.32221404941384,5.38,6,0.487,134.67
ORD100279,2025-03-11 18:00:00,2025-03-11 23:58:13.284930046,2025-03-12 00:32:40.524203014,Hub 1,13.060279456254769,80.12165699812057,33.84,1,0.472,196.59
ORD100280,2025-03-12 00:00:00,2025-03-12 04:24:24.318892350,2025-03-12 04:52:58.111430411,Hub 3,13.166303388511343,80.1908925324042,6.08,6,0.772,124.2
ORD100281,2025-03-12 06:00:00,2025-03-12 12:02:43.667869347,2025-03-12 12:50:06.983772525,Hub 3,13.196214718434675,80.18513959049734,27.55,5,0.666,205.16
ORD100282,2025-03-12 12:00:00,2025-03-12 18:08:04.058655572,2025-03-12 18:38:30.013377464,Hub 3,13.110173488012768,80.19189140382865,32.21,3,0.483,224.63
ORD100283,2025-03-12 18:00:00,2025-03-12 21:51:18.206145921,2025-03-12 22:24:09.984644085,Hub 2,12.872745243319013,80.23675590871892,4.86,3,0.799,101.02
ORD100284,2025-03-13 00:00:00,2025-03-13 04:44:37.251035653,2025-03-13 05:07:49.024683127,Hub 1,12.99055308274892,80.1909231288972,11.92,5,0.329,131.64
ORD100285,2025-03-13 06:00:00,2025-03-13 13:11:52.171796176,2025-03-13 14:03:15.513728656,Hub 3,13.143239007349136,80.18424044239673,41.37,5,0.795,271.22
ORD100286,2025-03-13 12:00:00,2025-03-13 17:40:30.456949803,2025-03-13 18:10:25.478871561,Hub 1,12.930699218531757,80.19228652612938,28.5,2,0.844,195.67
ORD100287,2025-03-13 18:00:00,2025-03-13 22:47:57.089642654,2025-03-13 23:04:15.769091474,Hub 2,13.140724881212718,80.22726023238131,12.59,5,0.516,150.35
ORD100288,2025-03-14 00:00:00,2025-03-14 06:14:29.769047808,2025-03-14 06:47:35.727693120,Hub 2,12.892118566712249,80.2111022465054,31.7,4,0.431,220.76
ORD100289,2025-03-14 06:00:00,2025-03-14 12:03:18.415817506,2025-03-14 12:45:38.254232824,Hub 3,12.866430875001734,80.30624079929514,27.66,5,0.735,209.26
ORD100290,2025-03-14 12:00:00,2025-03-14 17:33:50.326528942,2025-03-14 17:59:38.891969776,Hub 2,12.984431714021937,80.0648490560481,23.57,4,0.499,191.45
ORD100291,2025-03-14 18:00:00,2025-03-15 01:24:52.811977345,2025-03-15 02:06:31.340307091,Hub 1,12.862856178099314,80.2999951214419,43.98,5,0.616,276.9
ORD100292,2025-03-15 00:00:00,2025-03-15 05:54:56.553728558,2025-03-15 06:37:37.228011962,Hub 3,13.185044592044163,80.3031773837835,31.39,2,0.784,207.27
ORD100293,2025-03-15 06:00:00,2025-03-15 11:06:43.190314714,2025-03-15 11:34:17.073779134,Hub 1,13.139171993527887,80.13547240645929,18.14,4,0.351,165.72
ORD100294,2025-03-15 12:00:00,2025-03-15 18:11:00.947273791,2025-03-15 18:50:01.784289013,Hub 1,13.130269390495455,80.18885558650476,36.4,1,0.727,215.3
ORD100295,2025-03-15 18:00:00,2025-03-16 00:56:11.124478683,2025-03-16 01:35:22.523948685,Hub 2,13.070422273048653,80.18156154656123,40.04,4,0.291,246.42
ORD100296,2025-03-16 00:00:00,2025-03-16 04:39:55.345217767,2025-03-16 05:04:57.171794575,Hub 2,12.925713408062792,80.11555295030624,7.38,7,0.654,149.82
ORD100297,2025-03-16 06:00:00,2025-03-16 10:11:07.133414204,2025-03-16 10:30:12.378686540,Hub 2,13.031391128336736,80.16903905412589,10.62,2,0.481,108.38
ORD100298,2025-03-16 12:00:00,2025-03-16 16:50:29.328417747,2025-03-16 17:31:12.714398205,Hub 2,13.059045925350619,80.06331633165125,11.3,6,0.691,151.19
ORD100299,2025-03-16 18:00:00,2025-03-17 00:14:36.632341086,2025-03-17 00:51:34.780929288,Hub 2,13.033761025301093,80.13334662183452,31.72,4,0.527,225.22
ORD100300,2025-03-17 00:00:00,2025-03-17 06:22:39.210260188,2025-03-17 07:04:06.560323288,Hub 3,12.941081678783034,80.29500465263521,27.93,7,0.598,246.71
ORD100301,2025-03-17 06:00:00,2025-03-17 12:26:04.991184610,2025-03-17 13:21:03.164014054,Hub 1,13.030336773510154,80.13536869052886,28.62,7,0.688,239.79
ORD100302,2025-03-17 12:00:00,2025-03-17 19:35:15.975565994,2025-03-17 20:14:42.202373228,Hub 1,13.021915219304018,80.29546200062447,42.45,7,0.503,293.15
ORD100303,2025-03-17 18:00:00,2025-03-18 00:41:49.258773214,2025-03-18 01:24:29.757568780,Hub 1,13.198717521532354,80.20947983938133,35.36,5,0.47,247.17
ORD100304,2025-03-18 00:00:00,2025-03-18 04:40:30.386326202,2025-03-18 05:22:19.754990474,Hub 1,13.16410265181617,80.31395880320834,7.5,7,0.755,139.02
ORD100305,2025-03-18 06:00:00,2025-03-18 11:09:42.841363284,2025-03-18 11:41:18.428718612,Hub 2,13.012183261875466,80.22243386627932,16.94,5,0.656,170.2
ORD100306,2025-03-18 12:00:00,2025-03-18 17:37:36.578035668,2025-03-18 18:13:56.531189598,Hub 1,13.068028084027292,80.05890046691943,20.72,6,0.465,189.1
ORD100307,2025-03-18 18:00:00,2025-03-18 22:53:07.904494845,2025-03-18 23:18:49.877647053,Hub 3,13.11175506143228,80.25262606226413,19.03,2,0.686,157.2
ORD100308,2025-03-19 00:00:00,2025-03-19 06:00:54.081058186,2025-03-19 06:28:57.858328162,Hub 3,12.862202806081838,80.06345607040707,30.78,3,0.403,207.26
ORD100309,2025-03-19 06:00:00,2025-03-19 13:06:45.421032009,2025-03-19 13:52:17.703663152,Hub 1,13.163222504429744,80.18517910569494,40.35,5,0.557,268.65
ORD100310,2025-03-19 12:00:00,2025-03-19 17:18:48.063879442,2025-03-19 17:54:28.078516828,Hub 1,13.151044385746273,80.32882800834193,15.16,7,0.513,172.45
ORD100311,2025-03-19 18:00:00,2025-03-20 00:11:39.215059832,2025-03-20 00:51:45.808930538,Hub 3,13.010101234220796,80.09956118180135,25.73,7,0.394,217.42
ORD100312,2025-03-20 00:00:00,2025-03-20 06:08:43.381542685,2025-03-20 06:53:02.685158809,Hub 3,12.986909418128132,80.16696170588246,35.94,1,0.608,206.31
ORD100313,2025-03-20 06:00:00,2025-03-20 11:42:29.212959106,2025-03-20 12:13:02.362235457,Hub 2,12.945535781199709,80.26895809265454,19.9,7,0.378,189.57
ORD100314,2025-03-20 12:00:00,2025-03-20 16:04:08.723856349,2025-03-20 16:38:44.980781977,Hub 3,13.016836889915629,80.31467756682845,9.23,2,0.822,127.34
ORD100315,2025-03-20 18:00:00,2025-03-20 23:28:06.867451902,2025-03-20 23:53:20.040222738,Hub 2,12.865531832236632,80.25128290142274,22.42,4,0.344,180.61
ORD100316,2025-03-21 00:00:00,2025-03-21 03:57:52.370517585,2025-03-21 04:31:41.264419521,Hub 2,13.148267736671452,80.12745197625735,4.37,4,0.836,111.92
ORD100317,2025-03-21 06:00:00,2025-03-21 13:35:36.746556630,2025-03-21 14:20:45.472040382,Hub 2,12.86239782894649,80.25238235587486,42.52,7,0.409,302.94
ORD100318,2025-03-21 12:00:00,2025-03-21 15:35:05.193547015,2025-03-21 16:00:11.376214465,Hub 2,12.965167977879455,80.13901829233123,5.22,1,0.74,78.83
ORD100319,2025-03-21 18:00:00,2025-03-21 23:29:16.091626732,2025-03-21 23:57:23.476579648,Hub 2,13.176056320911647,80.26552876894561,20.85,5,0.281,169.34
ORD100320,2025-03-22 00:00:00,2025-03-22 05:21:55.468268042,2025-03-22 05:43:42.988760804,Hub 1,13.107324429083208,80.3362099382755,24.78,2,0.527,189.35
ORD100321,2025-03-22 06:00:00,2025-03-22 12:50:50.419436506,2025-03-22 13:32:04.389217768,Hub 3,12.948486836202134,80.26641803533188,44.37,1,0.838,256.47
ORD100322,2025-03-22 12:00:00,2025-03-22 16:30:41.681524993,2025-03-22 17:07:00.856801915,Hub 2,12.93842718288631,80.30886415087372,9.14,5,0.931,140.07
ORD100323,2025-03-22 18:00:00,2025-03-22 21:52:36.166590098,2025-03-22 22:06:01.423507688,Hub 3,12.851778748936308,80.05063115295276,6.92,2,0.602,92.51
ORD100324,2025-03-23 00:00:00,2025-03-23 04:14:52.309297107,2025-03-23 04:47:28.486194291,Hub 3,13.093500002497413,80.26527163741947,2.37,7,0.666,127.87
ORD100325,2025-03-23 06:00:00,2025-03-23 10:19:26.871535614,2025-03-23 10:52:07.718572974,Hub 2,12.86707425358561,80.29887626705957,8.69,4,0.702,131.89
ORD100326,2025-03-23 12:00:00,2025-03-23 16:12:33.821429972,2025-03-23 16:32:12.020039528,Hub 1,13.036410881790266,80.0621676212634,10.91,2,0.36,105.28
ORD100327,2025-03-23 18:00:00,2025-03-24 00:28:34.494146421,2025-03-24 01:03:06.346930743,Hub 2,13.186742690407216,80.31147931818646,29.11,7,0.545,233.06
ORD100328,2025-03-24 00:00:00,2025-03-24 04:51:14.217596049,2025-03-24 05:29:17.226572565,Hub 1,12.88831410101906,80.12700826849301,11.45,6,0.634,151.08
ORD100329,2025-03-24 06:00:00,2025-03-24 09:41:24.718510006,2025-03-24 10:02:34.671947074,Hub 3,13.163067975838823,80.24958763059341,2.88,3,0.196,87.07
ORD100330,2025-03-24 12:00:00,2025-03-24 18:25:43.376656983,2025-03-24 19:06:27.753267783,Hub 1,13.197016367300765,80.29010646370702,37.54,2,0.654,222.82
ORD100331,2025-03-24 18:00:00,2025-03-24 22:55:36.184542952,2025-03-24 23:21:24.118579762,Hub 1,12.871530959183731,80.2487993539178,17.72,3,0.36,160.64
ORD100332,2025-03-25 00:00:00,2025-03-25 04:44:02.687256891,2025-03-25 05:06:47.546956221,Hub 1,13.15901719419811,80.07768543762198,17.21,2,0.371,148.02
ORD100333,2025-03-25 06:00:00,2025-03-25 10:42:01.979476264,2025-03-25 11:08:43.069431526,Hub 3,13.030627657155264,80.2288964556581,15.01,3,0.451,138.15
ORD100334,2025-03-25 12:00:00,2025-03-25 19:33:42.315275188,2025-03-25 20:23:43.351888005,Hub 3,13.167279801805602,80.21487509701664,43.94,6,0.698,289.78
ORD100335,2025-03-25 18:00:00,2025-03-25 22:22:34.488883290,2025-03-25 22:43:44.171956956,Hub 1,13.04996162967185,80.32009638042227,9.31,4,0.408,123.2
ORD100336,2025-03-26 00:00:00,2025-03-26 07:08:07.271024996,2025-03-26 08:01:16.607667002,Hub 1,13.081739203537296,80.17127191889325,40.62,5,0.751,264.42
ORD100337,2025-03-26 06:00:00,2025-03-26 12:24:00.762984604,2025-03-26 13:17:04.752248254,Hub 2,13.04032261779909,80.14632432912612,35.4,3,0.695,228.04
ORD100338,2025-03-26 12:00:00,2025-03-26 16:20:26.591425940,2025-03-26 16:44:45.452466152,Hub 1,13.152572508107571,80.27495522933093,5.29,6,0.776,128.57
ORD100339,2025-03-26 18:00:00,2025-03-27 01:09:08.805409362,2025-03-27 01:49:11.457173436,Hub 2,13.106868471633796,80.17380259782502,44.43,3,0.465,277.81
ORD100340,2025-03-27 00:00:00,2025-03-27 04:44:20.620929652,2025-03-27 05:05:03.632106328,Hub 1,13.032441109263145,80.24382885250151,13.67,4,0.524,152.46
ORD100341,2025-03-27 06:00:00,2025-03-27 09:58:11.719758590,2025-03-27 10:24:21.419627168,Hub 2,13.15385628141804,80.24393502703738,6.24,3,0.411,110.9
ORD100342,2025-03-27 12:00:00,2025-03-27 19:02:18.153620221,2025-03-27 19:39:49.118760337,Hub 3,12.935849936289367,80.31641171930804,37.66,6,0.43,262.73
ORD100343,2025-03-27 18:00:00,2025-03-28 00:44:56.114384442,2025-03-28 01:27:50.954479932,Hub 1,12.905069230895883,80.22960772069572,32.39,7,0.873,245.54
ORD100344,2025-03-28 00:00:00,2025-03-28 06:16:42.122595824,2025-03-28 06:59:25.595125556,Hub 1,12.906140036865525,80.2006460829886,28.54,6,0.593,224.41
ORD100345,2025-03-28 06:00:00,2025-03-28 09:52:32.153141715,2025-03-28 10:18:04.763718591,Hub 1,12.966903107560833,80.09166139791895,8.71,1,0.421,105.76
ORD100346,2025-03-28 12:00:00,2025-03-28 17:28:52.599899701,2025-03-28 18:00:26.323248685,Hub 1,12.933541510955356,80.08472128200361,22.58,4,0.393,169.61
ORD100347,2025-03-28 18:00:00,2025-03-29 01:00:49.172746845,2025-03-29 01:44:09.340811025,Hub 2,13.175531622678408,80.09629646958491,35.56,7,0.49,265.26
ORD100348,2025-03-29 00:00:00,2025-03-29 04:24:16.748802054,2025-03-29 04:54:33.823870968,Hub 1,12.887041932840004,80.10155454439813,15.06,1,0.738,149.58
ORD100349,2025-03-29 06:00:00,2025-03-29 10:53:00.798787845,2025-03-29 11:35:23.087299377,Hub 3,13.094646758313855,80.24136312779909,15.4,4,0.833,166.85
ORD100350,2025-03-29 12:00:00,2025-03-29 16:13:40.517688021,2025-03-29 16:43:39.360755715,Hub 3,12.916227538924751,80.27229437508237,2.14,7,0.907,139.42
ORD100351,2025-03-29 18:00:00,2025-03-29 22:14:27.739881225,2025-03-29 22:43:40.606356909,Hub 1,13.158572996469623,80.20899745687792,9.49,3,0.802,126.66
ORD100352,2025-03-30 00:00:00,2025-03-30 07:21:12.732564070,2025-03-30 08:04:04.149112840,Hub 3,13.186460350864717,80.29870531976364,39.64,7,0.513,285.5
ORD100353,2025-03-30 06:00:00,2025-03-30 11:38:58.529742126,2025-03-30 12:15:28.837883508,Hub 1,13.012914503069494,80.34737896802008,21.0,6,0.872,192.87
ORD100354,2025-03-30 12:00:00,2025-03-30 18:50:36.625040124,2025-03-30 19:35:28.272969246,Hub 1,13.157675018079846,80.2960037887358,44.32,1,0.825,262.02
ORD100355,2025-03-30 18:00:00,2025-03-30 23:02:04.632730101,2025-03-30 23:40:19.039105431,Hub 3,12.85180080976415,80.25846471210278,19.02,3,0.71,168.29
ORD100356,2025-03-31 00:00:00,2025-03-31 06:37:45.905266664,2025-03-31 07:27:31.158092210,Hub 1,13.136981421092834,80.20974780983114,32.75,6,0.796,248.81
ORD100357,2025-03-31 06:00:00,2025-03-31 10:46:36.755653472,2025-03-31 11:15:51.593298086,Hub 3,12.930018806533722,80.18465592150241,14.12,4,0.49,156.65
ORD100358,2025-03-31 12:00:00,2025-03-31 17:31:13.144370717,2025-03-31 18:11:44.145447683,Hub 2,13.168045458244277,80.07531771416336,17.64,7,0.783,186.46
ORD100359,2025-03-31 18:00:00,2025-03-31 22:45:00.365239922,2025-03-31 23:24:46.957967456,Hub 1,12.850392039018038,80.1698106245184,10.2,6,0.902,152.39
ORD100360,2025-04-01 00:00:00,2025-04-01 04:51:37.104553641,2025-04-01 05:10:45.523887039,Hub 2,13.044663607263914,80.32304039103464,16.92,3,0.373,148.31
ORD100361,2025-04-01 06:00:00,2025-04-01 11:16:39.364013427,2025-04-01 11:43:25.694465439,Hub 3,13.114822531324727,80.29240678897196,25.53,1,0.511,162.22
ORD100362,2025-04-01 12:00:00,2025-04-01 18:52:13.870164633,2025-04-01 19:37:50.809192113,Hub 2,12.940540915744267,80.1148154095035,44.65,1,0.744,257.21
ORD100363,2025-04-01 18:00:00,2025-04-02 00:35:48.202098626,2025-04-02 01:15:42.542899004,Hub 2,12.917596502605551,80.18998233540916,30.56,7,0.448,224.57
ORD100364,2025-04-02 00:00:00,2025-04-02 04:46:50.272811868,2025-04-02 05:21:35.476482816,Hub 3,12.879434378563793,80.29501696076755,10.57,6,0.734,160.43
ORD100365,2025-04-02 06:00:00,2025-04-02 09:46:40.002596529,2025-04-02 10:07:39.183218499,Hub 2,12.964251751776152,80.07021536643565,3.93,3,0.601,97.9
ORD100366,2025-04-02 12:00:00,2025-04-02 15:55:09.998608958,2025-04-02 16:19:35.079417956,Hub 2,13.04594550930809,80.16621777570059,7.43,2,0.769,103.43
ORD100367,2025-04-02 18:00:00,2025-04-02 23:46:56.962096420,2025-04-03 00:40:00.971513278,Hub 3,12.89054534987309,80.30555237106218,26.19,4,0.675,193.82
ORD100368,2025-04-03 00:00:00,2025-04-03 06:30:30.568241736,2025-04-03 07:12:35.205758484,Hub 2,12.981843376695378,80.17116935925104,34.9,4,0.494,231.59
ORD100369,2025-04-03 06:00:00,2025-04-03 12:59:11.407774178,2025-04-03 13:49:10.832021522,Hub 3,12.853175341628454,80.07328439341943,42.44,3,0.803,268.81
ORD100370,2025-04-03 12:00:00,2025-04-03 15:31:24.118918759,2025-04-03 15:50:33.316153225,Hub 2,13.136537797174944,80.21276031055967,2.68,2,0.634,89.32
ORD100371,2025-04-03 18:00:00,2025-04-03 23:11:23.605826146,2025-04-03 23:44:27.523904811,Hub 3,12.894957051332616,80.30852274847548,24.48,1,0.814,166.45
ORD100372,2025-04-04 00:00:00,2025-04-04 05:54:14.188895280,2025-04-04 06:30:46.042773018,Hub 3,12.949170031892953,80.22708566288594,22.25,7,0.578,199.23
ORD100373,2025-04-04 06:00:00,2025-04-04 12:16:03.109783486,2025-04-04 13:00:06.584290300,Hub 2,12.856449701558375,80.11788373246426,30.21,5,0.739,231.92
ORD100374,2025-04-04 12:00:00,2025-04-04 17:55:18.567222603,2025-04-04 18:21:12.722797989,Hub 2,13.001284274362378,80.16527188604121,26.06,5,0.539,199.46
ORD100375,2025-04-04 18:00:00,2025-04-05 00:40:42.805042514,2025-04-05 01:15:41.014489244,Hub 2,13.144042525959426,80.18503700835457,31.54,7,0.599,245.93
ORD100376,2025-04-05 00:00:00,2025-04-05 05:58:29.265343266,2025-04-05 06:30:05.549850768,Hub 1,12.98725292400582,80.22377990614615,30.3,3,0.545,208.14
ORD100377,2025-04-05 06:00:00,2025-04-05 09:53:09.451250667,2025-04-05 10:20:44.202873435,Hub 1,12.912824063198341,80.27780530772579,7.03,2,0.787,108.77
ORD100378,2025-04-05 12:00:00,2025-04-05 18:19:56.361085680,2025-04-05 18:51:06.668553648,Hub 1,13.113794591917681,80.07966208529218,36.39,2,0.374,228.18
ORD100379,2025-04-05 18:00:00,2025-04-05 22:12:29.700226738,2025-04-05 22:45:53.851598374,Hub 3,13.12608244365476,80.31689560990526,7.3,4,0.64,110.35
ORD100380,2025-04-06 00:00:00,2025-04-06 05:49:11.045065198,2025-04-06 06:14:36.032985214,Hub 2,12.910813716357648,80.05369291090481,32.04,1,0.548,183.23
ORD100381,2025-04-06 06:00:00,2025-04-06 11:33:28.275242565,2025-04-06 12:05:10.946148837,Hub 3,13.119798937989346,80.16101570040227,19.89,6,0.621,184.44
ORD100382,2025-04-06 12:00:00,2025-04-06 17:18:28.674476038,2025-04-06 17:54:31.604242558,Hub 1,13.181554260889717,80.05822609299179,24.1,2,0.488,186.37
ORD100383,2025-04-06 18:00:00,2025-04-07 01:27:12.544385446,2025-04-07 02:07:17.129877238,Hub 2,12.908232155426296,80.16789226760358,40.84,7,0.258,293.88
ORD100384,2025-04-07 00:00:00,2025-04-07 07:15:19.500071508,2025-04-07 08:02:23.636064474,Hub 3,13.119844502386247,80.207743779662,40.27,6,0.46,285.96
ORD100385,2025-04-07 06:00:00,2025-04-07 12:50:50.346342949,2025-04-07 13:43:53.644340509,Hub 2,13.098000201610919,80.20350441597445,37.17,5,0.594,251.45
ORD100386,2025-04-07 12:00:00,2025-04-07 17:53:40.914107887,2025-04-07 18:22:53.493208765,Hub 3,13.01575086095228,80.09968850410847,23.94,6,0.421,187.69
ORD100387,2025-04-07 18:00:00,2025-04-07 23:57:17.493550725,2025-04-08 00:25:58.954689681,Hub 2,12.87027216119558,80.24372215302868,33.66,1,0.367,182.96
ORD100388,2025-04-08 00:00:00,2025-04-08 06:03:16.372016193,2025-04-08 06:43:15.119636127,Hub 1,12.87614304621525,80.0634335351514,24.05,7,0.704,211.21
ORD100389,2025-04-08 06:00:00,2025-04-08 12:25:57.918463924,2025-04-08 12:49:49.544440246,Hub 1,13.148345130719527,80.27857204603971,39.39,1,0.419,225.24
ORD100390,2025-04-08 12:00:00,2025-04-08 17:30:35.808248703,2025-04-08 17:58:04.628812227,Hub 2,13.196551930462725,80.33399333019806,19.32,6,0.376,192.07
ORD100391,2025-04-08 18:00:00,2025-04-09 01:05:36.035942953,2025-04-09 01:56:37.778350711,Hub 3,13.086618290015364,80.15193064814534,43.72,3,0.723,274.03
ORD100392,2025-04-09 00:00:00,2025-04-09 06:48:26.963581150,2025-04-09 07:31:06.747867268,Hub 1,13.006085407453613,80.2051718145143,42.09,2,0.552,250.65
ORD100393,2025-04-09 06:00:00,2025-04-09 12:52:26.673790929,2025-04-09 13:35:37.011212043,Hub 1,13.076650775190666,80.16367308341763,33.89,7,0.438,244.97
ORD100394,2025-04-09 12:00:00,2025-04-09 16:37:04.464905872,2025-04-09 17:05:48.731706832,Hub 1,13.05803855072999,80.05201311709122,14.01,3,0.736,134.9
ORD100395,2025-04-09 18:00:00,2025-04-09 22:32:18.331295434,2025-04-09 22:57:34.048808710,Hub 2,12.984264291141967,80.16576235086853,7.66,6,0.613,139.47
ORD100396,2025-04-10 00:00:00,2025-04-10 06:31:45.674506203,2025-04-10 07:20:30.386675529,Hub 2,12.872969150600904,80.28751607777839,38.75,2,0.723,243.8
ORD100397,2025-04-10 06:00:00,2025-04-10 10:21:32.399491179,2025-04-10 10:40:21.885722997,Hub 3,13.137529531592604,80.22879665265503,9.11,4,0.412,126.63
ORD100398,2025-04-10 12:00:00,2025-04-10 18:40:39.964178064,2025-04-10 19:18:22.838995050,Hub 3,12.980141735233554,80.08037797438455,38.73,3,0.418,231.76
ORD100399,2025-04-10 18:00:00,2025-04-10 23:22:30.868586590,2025-04-10 23:53:53.598903358,Hub 3,13.136574975174982,80.30414184690812,23.1,3,0.534,181.92
ORD100400,2025-04-11 00:00:00,2025-04-11 05:31:24.582511124,2025-04-11 06:16:12.218753450,Hub 2,12.938378062390933,80.20932560346557,19.48,6,0.711,192.45
ORD100401,2025-04-11 06:00:00,2025-04-11 13:09:11.161046962,2025-04-11 14:03:59.645636680,Hub 2,12.850360317945972,80.3025170085234,40.84,5,0.8,263.94
ORD100402,2025-04-11 12:00:00,2025-04-11 18:13:49.677674768,2025-04-11 18:42:00.111542576,Hub 3,12.905628399146865,80.22406645563551,27.97,6,0.411,212.4
ORD100403,2025-04-11 18:00:00,2025-04-11 23:40:58.320691971,2025-04-12 00:06:25.760708679,Hub 3,13.013988795869004,80.21790653345138,26.79,3,0.486,196.77
ORD100404,2025-04-12 00:00:00,2025-04-12 05:28:08.080685655,2025-04-12 05:59:18.187569927,Hub 2,13.18050627223524,80.0815777555591,26.03,2,0.438,177.2
ORD100405,2025-04-12 06:00:00,2025-04-12 11:14:48.086756653,2025-04-12 11:54:52.996148755,Hub 3,12.885767766892801,80.10020791994158,17.96,5,0.921,191.57
ORD100406,2025-04-12 12:00:00,2025-04-12 18:52:54.796035525,2025-04-12 19:27:03.404071053,Hub 1,13.148973421061548,80.34160757694897,35.78,6,0.31,253.49
ORD100407,2025-04-12 18:00:00,2025-04-12 23:07:21.099927802,2025-04-12 23:36:15.920159596,Hub 2,13.034458433674152,80.11854602402643,12.87,7,0.25,156.17
ORD100408,2025-04-13 00:00:00,2025-04-13 07:25:51.744984531,2025-04-13 08:19:54.903637245,Hub 3,13.139072268029963,80.34323563539711,42.37,6,0.832,287.53
ORD100409,2025-04-13 06:00:00,2025-04-13 12:49:12.409145104,2025-04-13 13:28:53.130530446,Hub 2,12.954431050846496,80.20957381195727,40.44,3,0.507,249.5
ORD100410,2025-04-13 12:00:00,2025-04-13 16:49:33.496201207,2025-04-13 17:19:39.872253193,Hub 1,13.143981507635365,80.09073671411917,16.51,3,0.505,142.62
ORD100411,2025-04-13 18:00:00,2025-04-14 00:22:50.082630826,2025-04-14 00:55:04.132554244,Hub 2,13.120487973005881,80.0797906608261,33.37,4,0.39,217.65
ORD100412,2025-04-14 00:00:00,2025-04-14 06:07:14.579208400,2025-04-14 06:49:15.054065535,Hub 2,12.930518789061,80.11265922121171,26.65,6,0.42,218.94
ORD100413,2025-04-14 06:00:00,2025-04-14 10:49:35.675995789,2025-04-14 11:16:17.642386351,Hub 2,12.895967294243281,80.32769119900759,16.52,3,0.682,158.79
ORD100414,2025-04-14 12:00:00,2025-04-14 19:45:31.929259140,2025-04-14 20:34:43.593498498,Hub 2,13.153819012886302,80.17424506729846,44.51,7,0.437,301.5
ORD100415,2025-04-14 18:00:00,2025-04-14 21:24:25.561761444,2025-04-14 21:41:13.344408624,Hub 1,13.187132828704046,80.16863028039786,3.09,1,0.257,83.22
ORD100416,2025-04-15 00:00:00,2025-04-15 04:49:19.133795013,2025-04-15 05:15:18.671683287,Hub 2,12.86095580981163,80.14396187832105,12.86,5,0.732,149.34
ORD100417,2025-04-15 06:00:00,2025-04-15 11:10:48.955388332,2025-04-15 11:41:23.762742766,Hub 2,13.105944523440789,80.09411855516997,24.36,1,0.696,182.64
ORD100418,2025-04-15 12:00:00,2025-04-15 17:47:13.193744874,2025-04-15 18:33:40.690890996,Hub 3,13.168333578831735,80.19635535915772,24.44,5,0.792,196.3
ORD100419,2025-04-15 18:00:00,2025-04-16 00:19:37.236666799,2025-04-16 01:02:36.737832601,Hub 2,13.150076032232374,80.08901433475334,27.32,7,0.467,217.0
ORD100420,2025-04-16 00:00:00,2025-04-16 06:45:36.622619096,2025-04-16 07:22:48.886945052,Hub 3,13.187582165294572,80.3006440709147,34.32,6,0.407,231.22
ORD100421,2025-04-16 06:00:00,2025-04-16 12:00:02.864013699,2025-04-16 12:28:48.329477109,Hub 1,13.116032927453332,80.16111909588258,28.81,4,0.423,202.9
ORD100422,2025-04-16 12:00:00,2025-04-16 17:46:03.630840812,2025-04-16 18:28:39.400042604,Hub 1,13.004804566833318,80.16244107033454,27.81,3,0.721,196.2
ORD100423,2025-04-16 18:00:00,2025-04-16 21:48:30.336571576,2025-04-16 22:13:50.143828036,Hub 1,12.959183196673296,80.19220192854495,4.3,3,0.502,101.31
ORD100424,2025-04-17 00:00:00,2025-04-17 04:57:57.240712483,2025-04-17 05:16:57.740490594,Hub 1,12.962259959153345,80.18323831394972,18.19,3,0.413,155.61
ORD100425,2025-04-17 06:00:00,2025-04-17 10:53:53.519042144,2025-04-17 11:16:18.749757506,Hub 3,13.103547935414941,80.34845739191779,11.98,6,0.514,144.05
ORD100426,2025-04-17 12:00:00,2025-04-17 16:52:03.274439664,2025-04-17 17:19:41.425092426,Hub 2,13.111042954210838,80.21361433636548,13.41,5,0.465,147.49
ORD100427,2025-04-17 18:00:00,2025-04-18 00:12:10.953418989,2025-04-18 00:48:26.794165773,Hub 1,12.92012570024205,80.07646051113696,25.84,7,0.336,213.27
ORD100428,2025-04-18 00:00:00,2025-04-18 04:19:53.618562591,2025-04-18 04:49:53.606697741,Hub 2,13.153842984721685,80.23206320247307,10.58,3,0.847,116.16
ORD100429,2025-04-18 06:00:00,2025-04-18 10:22:11.943403118,2025-04-18 10:51:43.801633520,Hub 3,13.100223414070786,80.09547528786096,14.64,1,0.663,119.91
ORD100430,2025-04-18 12:00:00,2025-04-18 16:27:58.392739872,2025-04-18 16:54:18.567050238,Hub 3,13.046962600220184,80.0592812934194,12.19,3,0.747,128.99
ORD100431,2025-04-18 18:00:00,2025-04-19 01:27:55.687967514,2025-04-19 02:02:34.236379362,Hub 3,13.015036361035879,80.34122264610316,42.79,6,0.507,294.32
ORD100432,2025-04-19 00:00:00,2025-04-19 07:36:06.187945006,2025-04-19 08:25:22.817633650,Hub 1,13.040131482026485,80.28206166746037,42.62,7,0.698,295.5
ORD100433,2025-04-19 06:00:00,2025-04-19 11:57:08.246105888,2025-04-19 12:36:32.403790892,Hub 2,12.905736008397742,80.34403269772413,28.23,4,0.702,214.9
ORD100434,2025-04-19 12:00:00,2025-04-19 19:31:46.339846640,2025-04-19 20:14:24.443589578,Hub 2,12.921295437246696,80.19336353440667,41.75,7,0.422,272.82
ORD100435,2025-04-19 18:00:00,2025-04-20 00:07:56.983126540,2025-04-20 00:31:40.865153506,Hub 2,12.881907571642166,80.20967725934469,35.79,1,0.334,219.54
ORD100436,2025-04-20 00:00:00,2025-04-20 05:43:50.327688144,2025-04-20 06:00:23.769889512,Hub 3,12.903780313356389,80.10050108677574,27.37,3,0.243,199.22
ORD100437,2025-04-20 06:00:00,2025-04-20 09:38:23.014228308,2025-04-20 09:54:56.660554673,Hub 1,13.008792772111848,80.12407222800027,2.28,3,0.535,73.28
ORD100438,2025-04-20 12:00:00,2025-04-20 18:14:05.460090424,2025-04-20 18:57:32.795390512,Hub 3,13.035624037804888,80.30156476447084,35.22,2,0.664,216.55
ORD100439,2025-04-20 18:00:00,2025-04-21 00:26:02.099606492,2025-04-21 01:04:32.113120754,Hub 3,12.856251662367411,80.15685569413527,32.21,5,0.28,229.84
ORD100440,2025-04-21 00:00:00,2025-04-21 05:31:16.772127344,2025-04-21 06:11:26.860457114,Hub 2,13.12887923975241,80.29804449213891,28.46,1,0.683,191.33
ORD100441,2025-04-21 06:00:00,2025-04-21 12:11:29.473620705,2025-04-21 12:40:41.892382005,Hub 3,12.952958790670216,80.2627041172861,34.7,2,0.448,210.27
ORD100442,2025-04-21 12:00:00,2025-04-21 18:03:16.695925596,2025-04-21 18:37:49.384291494,Hub 2,13.169142612235968,80.10315127758156,24.06,7,0.663,212.86
ORD100443,2025-04-21 18:00:00,2025-04-22 00:17:22.674200046,2025-04-22 01:02:19.246863360,Hub 1,13.188628942264822,80.20223390983593,32.28,4,0.748,222.74
ORD100444,2025-04-22 00:00:00,2025-04-22 07:16:03.719918773,2025-04-22 08:01:50.822699575,Hub 2,12.914910606136829,80.25321619645561,42.21,5,0.476,272.69
ORD100445,2025-04-22 06:00:00,2025-04-22 10:39:47.884704415,2025-04-22 11:06:50.509537873,Hub 1,13.01173405176798,80.12051116444114,18.16,1,0.542,149.69
ORD100446,2025-04-22 12:00:00,2025-04-22 18:09:14.771670217,2025-04-22 18:40:37.702342045,Hub 2,12.85043114230825,80.29920655315601,32.45,3,0.764,214.4
ORD100447,2025-04-22 18:00:00,2025-04-22 23:55:16.372852341,2025-04-23 00:28:43.949261997,Hub 3,13.05941454279285,80.21344829726355,22.45,7,0.598,215.27
ORD100448,2025-04-23 00:00:00,2025-04-23 05:43:59.755508400,2025-04-23 06:19:38.526114762,Hub 3,13.062557256891935,80.09957261513277,31.0,1,0.69,190.74
ORD100449,2025-04-23 06:00:00,2025-04-23 12:21:01.324028649,2025-04-23 13:01:31.928271723,Hub 1,12.936638984461181,80.22489532784938,34.8,3,0.577,219.94
ORD100450,2025-04-23 12:00:00,2025-04-23 16:04:46.337255623,2025-04-23 16:34:28.233907891,Hub 1,13.045444435404118,80.34991414124677,3.95,5,0.647,121.11
ORD100451,2025-04-23 18:00:00,2025-04-23 23:56:01.145726937,2025-04-24 00:29:04.912437135,Hub 1,12.928939049855307,80.09515644749902,29.8,3,0.458,210.71
ORD100452,2025-04-24 00:00:00,2025-04-24 04:34:44.961278851,2025-04-24 04:57:24.400159105,Hub 2,12.906288914177367,80.29502707903585,11.75,4,0.342,139.99
ORD100453,2025-04-24 06:00:00,2025-04-24 12:37:03.419737716,2025-04-24 13:26:54.620161632,Hub 2,13.078031813380791,80.11219270095626,30.81,7,0.879,237.47
ORD100454,2025-04-24 12:00:00,2025-04-24 17:44:41.459398544,2025-04-24 18:18:32.075305472,Hub 1,12.964073912383226,80.28471649883802,22.14,6,0.37,189.64
ORD100455,2025-04-24 18:00:00,2025-04-25 00:23:18.830370058,2025-04-25 00:59:17.172798988,Hub 3,13.056592378609967,80.27037337693642,35.26,3,0.421,232.1
ORD100456,2025-04-25 00:00:00,2025-04-25 04:12:31.870516150,2025-04-25 04:38:09.861852916,Hub 2,13.00163636214008,80.14014681568013,7.31,4,0.611,120.25
ORD100457,2025-04-25 06:00:00,2025-04-25 12:18:39.558336364,2025-04-25 12:50:45.987499606,Hub 2,13.194522992591015,80.14774693526932,28.93,6,0.341,212.75
ORD100458,2025-04-25 12:00:00,2025-04-25 17:12:52.272403164,2025-04-25 17:40:53.423041782,Hub 2,12.902353224933648,80.28775641758887,13.97,7,0.377,170.9
ORD100459,2025-04-25 18:00:00,2025-04-26 00:58:23.467739764,2025-04-26 01:52:23.899214206,Hub 1,13.012609508822534,80.1884336535662,38.68,5,0.912,259.98
ORD100460,2025-04-26 00:00:00,2025-04-26 07:14:36.147222708,2025-04-26 08:07:32.953186668,Hub 1,13.088159819225764,80.26924540861354,41.92,5,0.842,292.26
ORD100461,2025-04-26 06:00:00,2025-04-26 13:47:13.537988458,2025-04-26 14:39:42.347523244,Hub 1,12.988440779357989,80.09439524420975,44.85,7,0.616,314.04
ORD100462,2025-04-26 12:00:00,2025-04-26 19:04:08.495491310,2025-04-26 19:59:18.110749460,Hub 1,13.19114494815474,80.30576733457046,36.23,7,0.721,272.41
ORD100463,2025-04-26 18:00:00,2025-04-27 00:01:03.169508520,2025-04-27 00:35:32.547715260,Hub 1,13.102660669774426,80.2632654150047,34.41,1,0.51,218.6
ORD100464,2025-04-27 00:00:00,2025-04-27 04:32:19.959789389,2025-04-27 05:02:46.184905583,Hub 3,13.079944350147573,80.32208284265045,11.27,4,0.859,142.03
ORD100465,2025-04-27 06:00:00,2025-04-27 10:58:14.491060971,2025-04-27 11:31:13.911892017,Hub 3,13.114970743663928,80.08971171371049,16.45,4,0.541,163.03
ORD100466,2025-04-27 12:00:00,2025-04-27 17:53:07.304788734,2025-04-27 18:25:50.871758658,Hub 1,13.18342702331355,80.22790435010818,22.02,7,0.678,218.88
ORD100467,2025-04-27 18:00:00,2025-04-28 00:14:16.615516390,2025-04-28 00:45:06.349079026,Hub 2,13.167736528544623,80.22973617551209,35.26,2,0.554,222.11
ORD100468,2025-04-28 00:00:00,2025-04-28 06:44:43.059659506,2025-04-28 07:33:52.875881560,Hub 1,13.103499857844243,80.15603822216403,41.34,2,0.87,250.0
ORD100469,2025-04-28 06:00:00,2025-04-28 10:44:39.894390297,2025-04-28 11:16:36.963839349,Hub 3,13.112206573685448,80.18753992737078,10.13,6,0.592,133.76
ORD100470,2025-04-28 12:00:00,2025-04-28 19:22:18.540552244,2025-04-28 20:10:17.703611596,Hub 3,12.9010727259123,80.06139446898695,41.66,6,0.892,285.15
ORD100471,2025-04-28 18:00:00,2025-04-28 23:57:33.558015366,2025-04-29 00:31:58.739603226,Hub 2,12.885977341572433,80.2737580115881,31.91,2,0.631,214.24
ORD100472,2025-04-29 00:00:00,2025-04-29 06:24:18.942425838,2025-04-29 07:03:03.648608832,Hub 3,13.049816575645456,80.21479674382095,28.26,7,0.629,239.85
ORD100473,2025-04-29 06:00:00,2025-04-29 10:55:57.952399537,2025-04-29 11:27:45.269082565,Hub 1,12.856428672929189,80.06732231556074,10.59,7,0.716,163.84
ORD100474,2025-04-29 12:00:00,2025-04-29 16:15:56.272923237,2025-04-29 16:52:44.590751445,Hub 2,13.018824733543056,80.25422676788814,4.39,6,0.827,123.64
ORD100475,2025-04-29 18:00:00,2025-04-29 23:39:13.197190752,2025-04-30 00:16:17.332283346,Hub 1,12.923622352971604,80.19003462316935,26.44,3,0.58,175.84
ORD100476,2025-04-30 00:00:00,2025-04-30 06:33:04.552314944,2025-04-30 07:05:03.119745842,Hub 1,12.971105798675694,80.06033837782749,30.02,7,0.203,227.15
ORD100477,2025-04-30 06:00:00,2025-04-30 10:13:19.080696676,2025-04-30 10:36:32.378797726,Hub 2,13.121531657527534,80.34088231805443,11.06,2,0.675,118.53
ORD100478,2025-04-30 12:00:00,2025-04-30 17:45:38.285055147,2025-04-30 18:11:27.015295863,Hub 1,13.179433126481335,80.33473364292682,25.93,4,0.492,193.23
ORD100479,2025-04-30 18:00:00,2025-05-01 01:17:08.764895637,2025-05-01 02:18:18.927714879,Hub 3,12.87534569525122,80.20387072484415,38.83,7,0.888,286.8
ORD100480,2025-05-01 00:00:00,2025-05-01 07:12:32.350696369,2025-05-01 08:02:28.064083813,Hub 1,13.036984772091754,80.07810172621177,37.91,7,0.625,288.59
ORD100481,2025-05-01 06:00:00,2025-05-01 12:56:22.881829563,2025-05-01 13:39:27.147927861,Hub 2,13.15888672003686,80.27638636647957,41.88,3,0.763,261.13
ORD100482,2025-05-01 12:00:00,2025-05-01 17:22:39.926943282,2025-05-01 18:07:27.464078202,Hub 2,12.878877987054148,80.19757933003172,17.73,6,0.898,183.7
ORD100483,2025-05-01 18:00:00,2025-05-01 23:21:22.839485907,2025-05-02 00:00:22.939248225,Hub 2,13.13857991641389,80.1407342434868,15.68,7,0.809,180.95
ORD100484,2025-05-02 00:00:00,2025-05-02 06:36:07.595477154,2025-05-02 07:10:26.511099450,Hub 1,12.975230472824894,80.19742545325856,34.23,5,0.377,237.28
ORD100485,2025-05-02 06:00:00,2025-05-02 10:51:41.350025750,2025-05-02 11:26:47.639773142,Hub 2,12.962733145776767,80.20673324362164,20.54,1,0.805,148.74
ORD100486,2025-05-02 12:00:00,2025-05-02 15:46:49.377765957,2025-05-02 16:07:13.986427917,Hub 2,13.192113235210174,80.21881350970669,5.76,2,0.718,100.53
ORD100487,2025-05-02 18:00:00,2025-05-02 22:55:48.134585650,2025-05-02 23:32:12.071132920,Hub 1,12.920300681451803,80.18236711409659,14.16,5,0.913,166.34
ORD100488,2025-05-03 00:00:00,2025-05-03 05:33:59.711483358,2025-05-03 06:16:20.228634678,Hub 3,13.092617879287937,80.23172659094172,20.0,6,0.869,196.06
ORD100489,2025-05-03 06:00:00,2025-05-03 10:48:53.461888642,2025-05-03 11:18:40.332653062,Hub 1,13.137504254803453,80.32562041318191,14.58,4,0.73,156.5
ORD100490,2025-05-03 12:00:00,2025-05-03 16:30:25.451865219,2025-05-03 17:06:53.639915235,Hub 2,12.864414223347744,80.15868042612958,16.28,1,0.907,143.0
ORD100491,2025-05-03 18:00:00,2025-05-03 22:58:09.709189651,2025-05-03 23:35:25.221469285,Hub 2,13.084634910424043,80.26771493896598,14.63,5,0.495,142.17
ORD100492,2025-05-04 00:00:00,2025-05-04 03:27:55.339256660,2025-05-04 03:33:09.945597590,Hub 1,13.183042491024363,80.31833576704726,3.78,1,0.217,78.34
ORD100493,2025-05-04 06:00:00,2025-05-04 11:44:58.521640635,2025-05-04 12:08:35.428695345,Hub 3,12.89347698835482,80.18679378272797,29.4,2,0.511,189.31
ORD100494,2025-05-04 12:00:00,2025-05-04 18:12:25.072222561,2025-05-04 18:35:20.699483893,Hub 2,13.163677455939762,80.18303675091457,27.68,6,0.348,207.47
ORD100495,2025-05-04 18:00:00,2025-05-05 00:33:28.647130374,2025-05-05 01:19:57.159332364,Hub 2,13.058171823081928,80.23063509560643,30.1,7,0.807,234.71
ORD100496,2025-05-05 00:00:00,2025-05-05 04:27:20.797658834,2025-05-05 04:49:18.700134284,Hub 2,13.065811603651865,80.22742202782675,10.27,4,0.545,134.51
ORD100497,2025-05-05 06:00:00,2025-05-05 11:07:33.943586800,2025-05-05 11:42:25.116858886,Hub 1,13.064530461202962,80.29197680269787,14.71,6,0.669,166.39
ORD100498,2025-05-05 12:00:00,2025-05-05 17:32:13.045457590,2025-05-05 18:11:35.587542280,Hub 2,12.95459256021806,80.19294501513349,28.64,1,0.858,177.01
ORD100499,2025-05-05 18:00:00,2025-05-06 00:03:55.195633134,2025-05-06 00:36:59.549762634,Hub 3,13.17732063535481,80.34883688489182,27.78,5,0.732,220.16
ORD100500,2025-05-06 00:00:00,2025-05-06 05:16:51.660990670,2025-05-06 05:38:56.466519880,Hub 2,13.181572661920862,80.06784147066018,23.77,2,0.603,161.39
ORD100501,2025-05-06 06:00:00,2025-05-06 10:43:20.330925132,2025-05-06 11:09:21.307012206,Hub 2,13.068856631074881,80.05095035457421,17.07,2,0.486,143.52
ORD100502,2025-05-06 12:00:00,2025-05-06 19:20:16.809961592,2025-05-06 19:58:50.232763268,Hub 3,13.124197954079564,80.24205949346788,41.26,6,0.248,273.13
ORD100503,2025-05-06 18:00:00,2025-05-06 23:26:03.036125655,2025-05-06 23:53:53.366030295,Hub 2,13.064290295058404,80.13953047370856,16.61,7,0.413,186.11
ORD100504,2025-05-07 00:00:00,2025-05-07 05:32:57.487118038,2025-05-07 06:02:53.324889778,Hub 1,13.019539456650914,80.12211471660984,21.59,5,0.754,205.01
ORD100505,2025-05-07 06:00:00,2025-05-07 12:38:47.668419308,2025-05-07 13:23:01.845781442,Hub 1,13.081287041404737,80.14356972400128,31.16,7,0.57,232.34
ORD100506,2025-05-07 12:00:00,2025-05-07 18:09:44.976458181,2025-05-07 18:54:40.631011797,Hub 1,13.043550508407185,80.12681426953148,25.35,7,0.565,218.35
ORD100507,2025-05-07 18:00:00,2025-05-07 23:09:34.829095100,2025-05-07 23:44:43.309321454,Hub 3,13.059116551921175,80.05923701489813,16.92,5,0.678,167.39
ORD100508,2025-05-08 00:00:00,2025-05-08 04:52:39.817796887,2025-05-08 05:18:13.847603347,Hub 2,13.124341393696602,80.34145991271717,20.73,1,0.676,157.07
ORD100509,2025-05-08 06:00:00,2025-05-08 12:54:48.802550310,2025-05-08 13:43:08.008547454,Hub 1,13.018316341007145,80.11622364653583,36.16,6,0.768,261.97
ORD100510,2025-05-08 12:00:00,2025-05-08 17:03:47.866105778,2025-05-08 17:34:13.043135060,Hub 3,12.864263937132366,80.27020892877678,13.96,6,0.823,165.27
ORD100511,2025-05-08 18:00:00,2025-05-08 22:07:35.092593120,2025-05-08 22:41:13.479488484,Hub 2,12.907399818346324,80.27877891840825,8.12,3,0.775,115.07
ORD100512,2025-05-09 00:00:00,2025-05-09 05:11:19.805303605,2025-05-09 05:32:20.057006694,Hub 3,13.003512525771338,80.32877721940217,15.47,6,0.124,151.5
ORD100513,2025-05-09 06:00:00,2025-05-09 12:30:38.991379795,2025-05-09 13:01:56.507088163,Hub 1,13.10368929595592,80.05916483712801,38.53,2,0.638,243.48
ORD100514,2025-05-09 12:00:00,2025-05-09 15:38:07.967321646,2025-05-09 15:55:49.852767516,Hub 1,13.057647526908562,80.3116145015341,5.83,1,0.58,92.74
ORD100515,2025-05-09 18:00:00,2025-05-10 01:28:12.879346504,2025-05-10 02:16:31.553170048,Hub 1,13.077602965055709,80.20816785425194,44.64,5,0.558,291.0
ORD100516,2025-05-10 00:00:00,2025-05-10 06:00:18.937396166,2025-05-10 06:38:42.932068766,Hub 3,13.0177476250017,80.23976323298974,25.26,6,0.687,210.36
ORD100517,2025-05-10 06:00:00,2025-05-10 12:50:44.510097174,2025-05-10 13:30:32.702672724,Hub 3,13.065509707679784,80.2433410831363,44.35,1,0.612,246.24
ORD100518,2025-05-10 12:00:00,2025-05-10 19:25:53.053844908,2025-05-10 20:09:20.319468832,Hub 1,12.965156103235131,80.29593934149541,42.38,6,0.691,276.17
ORD100519,2025-05-10 18:00:00,2025-05-10 23:32:21.296913320,2025-05-11 00:13:08.744503682,Hub 3,13.014563907443833,80.15002219664773,21.47,5,0.746,192.97
ORD100520,2025-05-11 00:00:00,2025-05-11 04:28:40.534862408,2025-05-11 04:47:32.864688968,Hub 1,13.110497672958234,80.269915356958,10.54,4,0.413,121.19
ORD100521,2025-05-11 06:00:00,2025-05-11 10:30:27.013617691,2025-05-11 10:42:07.893973063,Hub 1,13.155141472640592,80.20857343291665,9.09,5,0.399,145.94
ORD100522,2025-05-11 12:00:00,2025-05-11 16:46:35.862793921,2025-05-11 17:08:42.943992391,Hub 2,13.001779366884735,80.2880182042916,12.32,5,0.388,134.04
ORD100523,2025-05-11 18:00:00,2025-05-12 00:27:40.711063284,2025-05-12 01:20:24.374888214,Hub 3,12.865281580197577,80.34716380983103,32.54,5,0.897,241.78
ORD100524,2025-05-12 00:00:00,2025-05-12 05:02:41.054932035,2025-05-12 05:39:25.859469297,Hub 1,12.906585390451381,80.11019530522113,13.74,6,0.885,180.93
ORD100525,2025-05-12 06:00:00,2025-05-12 10:50:24.385977895,2025-05-12 11:35:12.070402849,Hub 1,12.857301398752037,80.348394592468,16.68,3,0.897,161.8
ORD100526,2025-05-12 12:00:00,2025-05-12 17:31:29.246571530,2025-05-12 18:06:37.610283578,Hub 3,13.078642056733065,80.07694364628483,21.3,5,0.551,186.88
ORD100527,2025-05-12 18:00:00,2025-05-13 00:44:20.701577436,2025-05-13 01:33:09.294766008,Hub 2,12.966310118874288,80.05069526437144,41.27,2,0.857,243.72
ORD100528,2025-05-13 00:00:00,2025-05-13 04:08:43.175090713,2025-05-13 04:28:59.549802685,Hub 2,13.039867522501778,80.06324858085334,10.14,2,0.493,102.42
ORD100529,2025-05-13 06:00:00,2025-05-13 09:20:04.842528666,2025-05-13 09:37:48.413194428,Hub 1,13.02264689637433,80.15253472142102,2.22,1,0.614,80.75
ORD100530,2025-05-13 12:00:00,2025-05-13 15:49:55.243693876,2025-05-13 16:03:06.597041164,Hub 3,12.87853427134335,80.23987189920352,4.58,3,0.299,106.29
ORD100531,2025-05-13 18:00:00,2025-05-14 00:33:31.485807673,2025-05-14 01:03:38.267018299,Hub 2,12.991141476393341,80.07070886226636,40.9,1,0.305,227.39
ORD100532,2025-05-14 00:00:00,2025-05-14 05:47:12.962396479,2025-05-14 06:18:02.953385629,Hub 3,12.927196393722813,80.05169974435887,29.84,2,0.351,184.24
ORD100533,2025-05-14 06:00:00,2025-05-14 11:11:42.223989328,2025-05-14 11:29:49.895127868,Hub 3,12.996439926033679,80.33112730853763,13.74,7,0.19,142.85
ORD100534,2025-05-14 12:00:00,2025-05-14 16:06:05.783263045,2025-05-14 16:19:48.580664419,Hub 1,12.921252398119785,80.29657799078197,9.62,2,0.432,102.2
ORD100535,2025-05-14 18:00:00,2025-05-14 22:49:16.040902620,2025-05-14 23:17:35.098474812,Hub 2,13.144158342196926,80.2927549513417,14.65,4,0.795,153.53
ORD100536,2025-05-15 00:00:00,2025-05-15 04:19:40.880361540,2025-05-15 04:50:51.770908146,Hub 1,12.910967667802389,80.31532728265059,6.94,5,0.386,134.64
ORD100537,2025-05-15 06:00:00,2025-05-15 13:35:25.774542668,2025-05-15 14:30:36.838505918,Hub 2,13.18627319302044,80.26001028183163,42.49,7,0.747,299.76
ORD100538,2025-05-15 12:00:00,2025-05-15 18:16:36.259649313,2025-05-15 18:48:22.464315495,Hub 2,12.995567578151428,80.08132123892442,35.72,2,0.304,219.55
ORD100539,2025-05-15 18:00:00,2025-05-15 23:43:24.846182173,2025-05-16 00:08:56.228821339,Hub 2,13.146185852206667,80.16973005642211,21.88,6,0.391,189.53
ORD100540,2025-05-16 00:00:00,2025-05-16 07:09:58.017605986,2025-05-16 07:50:58.203736702,Hub 2,13.07006768637208,80.26694484593938,39.19,6,0.293,258.81
ORD100541,2025-05-16 06:00:00,2025-05-16 10:12:38.010835382,2025-05-16 10:37:21.604699460,Hub 2,13.107372604533012,80.13410033823746,12.73,1,0.672,131.15
ORD100542,2025-05-16 12:00:00,2025-05-16 18:47:10.855333291,2025-05-16 19:28:24.329131393,Hub 3,13.118703360823373,80.25622190924086,32.84,7,0.464,249.79
ORD100543,2025-05-16 18:00:00,2025-05-17 00:23:04.109237278,2025-05-17 00:57:46.202762848,Hub 1,13.026695708662556,80.0573495344803,38.81,1,0.669,212.59
ORD100544,2025-05-17 00:00:00,2025-05-17 05:11:42.316379941,2025-05-17 05:48:47.325632371,Hub 3,13.04015518317715,80.14184120226388,17.34,5,0.77,167.84
ORD100545,2025-05-17 06:00:00,2025-05-17 12:37:51.291346314,2025-05-17 13:14:22.439158541,Hub 2,13.029898553733053,80.21473910088315,34.57,5,0.485,233.03
ORD100546,2025-05-17 12:00:00,2025-05-17 16:49:26.433305508,2025-05-17 17:06:39.890655288,Hub 1,13.055820432331528,80.23962694885186,14.69,4,0.279,139.9
ORD100547,2025-05-17 18:00:00,2025-05-17 22:41:15.257044842,2025-05-17 23:15:01.912417584,Hub 2,12.860288056014777,80.22311219933857,14.85,3,0.698,149.83
ORD100548,2025-05-18 00:00:00,2025-05-18 03:42:01.037603347,2025-05-18 03:49:37.532053951,Hub 1,12.988430309447155,80.25932688282202,6.6,1,0.407,88.01
ORD100549,2025-05-18 06:00:00,2025-05-18 11:29:36.748799970,2025-05-18 12:08:49.223210634,Hub 3,13.06216604974641,80.05182662447194,20.92,5,0.695,186.16
ORD100550,2025-05-18 12:00:00,2025-05-18 17:55:53.283593816,2025-05-18 18:32:40.850395148,Hub 1,13.059203247839552,80.08028235999325,33.38,1,0.541,214.5
ORD100551,2025-05-18 18:00:00,2025-05-19 01:17:08.848391870,2025-05-19 01:54:42.931919354,Hub 1,13.12753463311197,80.31068327568374,42.43,5,0.445,266.54
ORD100552,2025-05-19 00:00:00,2025-05-19 05:37:48.981195886,2025-05-19 06:13:19.911390075,Hub 1,13.079253268591238,80.25452459322705,27.96,2,0.849,210.35
ORD100553,2025-05-19 06:00:00,2025-05-19 12:24:34.448436792,2025-05-19 13:08:13.696133580,Hub 1,13.197246660719234,80.0838794928058,39.11,1,0.87,229.32
ORD100554,2025-05-19 12:00:00,2025-05-19 18:24:50.180975845,2025-05-19 18:58:36.718693975,Hub 1,12.949349085013026,80.30262233121957,37.37,2,0.353,225.71
ORD100555,2025-05-19 18:00:00,2025-05-19 21:56:16.125383382,2025-05-19 22:15:32.779834434,Hub 2,12.97570286038318,80.12266936534736,9.45,1,0.534,101.13
ORD100556,2025-05-20 00:00:00,2025-05-20 05:21:27.044832974,2025-05-20 05:57:21.180304922,Hub 1,12.984346503153729,80.19347796525857,22.89,3,0.666,179.44
ORD100557,2025-05-20 06:00:00,2025-05-20 10:11:08.313608277,2025-05-20 10:40:29.854017321,Hub 1,13.013034482457087,80.0935589538654,7.03,4,0.427,118.62
ORD100558,2025-05-20 12:00:00,2025-05-20 18:30:39.775784144,2025-05-20 19:09:35.275310834,Hub 3,13.142599322323422,80.26303301692651,31.33,6,0.609,240.25
ORD100559,2025-05-20 18:00:00,2025-05-21 01:28:13.705720374,2025-05-21 02:08:08.079462876,Hub 1,12.932527232885723,80.25005632630427,42.85,6,0.637,279.66
ORD100560,2025-05-21 00:00:00,2025-05-21 04:33:28.454009216,2025-05-21 05:04:58.473041108,Hub 3,13.1216000724624,80.11333374134983,7.89,6,0.561,128.4
ORD100561,2025-05-21 06:00:00,2025-05-21 12:05:47.092387351,2025-05-21 12:52:15.558815347,Hub 2,12.99185856408001,80.3090202300571,33.56,2,0.664,235.25
ORD100562,2025-05-21 12:00:00,2025-05-21 18:28:55.872146197,2025-05-21 19:11:09.849258007,Hub 1,13.060649384281703,80.17039180726591,29.19,7,0.549,230.68
ORD100563,2025-05-21 18:00:00,2025-05-22 00:00:28.504977404,2025-05-22 00:24:45.802396268,Hub 3,13.071389186629206,80.13775452732122,27.1,5,0.293,210.25
ORD100564,2025-05-22 00:00:00,2025-05-22 05:27:52.551027478,2025-05-22 06:02:43.602569908,Hub 3,12.980497023016127,80.09569887683936,18.78,6,0.646,171.91
ORD100565,2025-05-22 06:00:00,2025-05-22 10:53:21.198256022,2025-05-22 11:22:53.767889594,Hub 2,13.02941532182203,80.12985040375466,17.27,3,0.845,156.21
ORD100566,2025-05-22 12:00:00,2025-05-22 16:13:43.714538342,2025-05-22 16:47:54.875843408,Hub 1,12.994560911126694,80.05660807636714,3.95,6,0.792,124.4
ORD100567,2025-05-22 18:00:00,2025-05-22 22:05:51.022336452,2025-05-22 22:17:55.679777640,Hub 1,12.874196475165316,80.22497724773683,11.37,1,0.443,113.4
ORD100568,2025-05-23 00:00:00,2025-05-23 03:31:15.781781499,2025-05-23 03:52:26.318373333,Hub 3,13.00300788608589,80.30266922390318,2.65,2,0.729,64.94
ORD100569,2025-05-23 06:00:00,2025-05-23 12:18:00.280662008,2025-05-23 12:52:13.869210140,Hub 1,12.884087687393743,80.21469413483248,27.0,7,0.556,226.85
ORD100570,2025-05-23 12:00:00,2025-05-23 15:41:45.506742824,2025-05-23 15:58:53.934691556,Hub 3,12.991757279678112,80.11578218857716,6.55,1,0.456,80.44
ORD100571,2025-05-23 18:00:00,2025-05-24 01:20:41.950182984,2025-05-24 01:57:32.019644940,Hub 1,13.057521439941123,80.06010075346416,39.54,7,0.257,274.8
ORD100572,2025-05-24 00:00:00,2025-05-24 05:11:28.544966995,2025-05-24 05:39:44.244066073,Hub 3,13.052795214770224,80.11438842197764,24.5,1,0.496,157.51
ORD100573,2025-05-24 06:00:00,2025-05-24 11:49:25.999826858,2025-05-24 12:25:08.422382738,Hub 1,13.081917447652911,80.17483642842133,32.09,1,0.658,194.08
ORD100574,2025-05-24 12:00:00,2025-05-24 17:14:20.056484742,2025-05-24 17:38:36.695225166,Hub 2,12.883341527784118,80.27788342860994,19.67,4,0.496,167.33
ORD100575,2025-05-24 18:00:00,2025-05-24 23:46:31.479536114,2025-05-25 00:21:19.098693116,Hub 1,13.078243135935653,80.10635285576133,26.1,4,0.452,187.26
ORD100576,2025-05-25 00:00:00,2025-05-25 07:17:40.303382870,2025-05-25 08:03:07.583088074,Hub 1,12.959251819843756,80.2659374360064,42.53,5,0.592,271.68
ORD100577,2025-05-25 06:00:00,2025-05-25 09:45:47.269111143,2025-05-25 10:03:49.867180419,Hub 2,12.989666081147988,80.31008004050555,5.56,2,0.677,88.34
ORD100578,2025-05-25 12:00:00,2025-05-25 16:31:35.797257814,2025-05-25 17:10:08.580818110,Hub 1,13.150295188872946,80.1861840544325,12.92,3,0.629,121.18
ORD100579,2025-05-25 18:00:00,2025-05-26 00:24:41.849417145,2025-05-26 01:08:52.798870587,Hub 2,12.853160641445342,80.29642959749278,35.54,3,0.71,240.61
ORD100580,2025-05-26 00:00:00,2025-05-26 03:58:13.709968788,2025-05-26 04:26:07.035569946,Hub 1,13.055944421669212,80.21639720441053,6.25,3,0.829,101.44
ORD100581,2025-05-26 06:00:00,2025-05-26 09:35:16.028240362,2025-05-26 09:54:40.938247270,Hub 3,13.059549893035037,80.24112725112427,5.25,1,0.318,79.99
ORD100582,2025-05-26 12:00:00,2025-05-26 17:03:43.884043927,2025-05-26 17:39:00.765187531,Hub 3,12.988830921720247,80.20788353810146,17.55,4,0.417,165.05
ORD100583,2025-05-26 18:00:00,2025-05-26 21:47:48.966664293,2025-05-26 22:01:54.305705967,Hub 1,12.932959749987917,80.1889518150254,5.96,2,0.341,87.95
ORD100584,2025-05-27 00:00:00,2025-05-27 05:24:47.511904460,2025-05-27 06:03:05.985800246,Hub 1,12.932135913391543,80.12039603253275,27.16,1,0.805,176.57
ORD100585,2025-05-27 06:00:00,2025-05-27 11:01:38.950735533,2025-05-27 11:26:41.652733371,Hub 1,13.159298384381263,80.1409582178383,11.73,7,0.521,162.5
ORD100586,2025-05-27 12:00:00,2025-05-27 18:58:34.503725272,2025-05-27 19:38:42.370184056,Hub 3,13.004708530823999,80.13699103568308,40.52,4,0.503,266.17
ORD100587,2025-05-27 18:00:00,2025-05-28 00:34:27.151042904,2025-05-28 01:07:13.089096764,Hub 1,12.96581127704621,80.21898667928615,35.69,4,0.325,224.05
ORD100588,2025-05-28 00:00:00,2025-05-28 06:34:26.197158684,2025-05-28 07:16:29.514964860,Hub 3,13.00707215084099,80.08598610790716,32.09,6,0.579,238.15
ORD100589,2025-05-28 06:00:00,2025-05-28 12:16:38.577953258,2025-05-28 12:49:46.738599740,Hub 2,13.084286640510776,80.3250375072107,28.53,6,0.271,204.39
ORD100590,2025-05-28 12:00:00,2025-05-28 18:33:38.707921403,2025-05-28 19:12:22.659842867,Hub 3,12.901014798885663,80.26619654358493,39.13,2,0.456,231.33
ORD100591,2025-05-28 18:00:00,2025-05-28 23:00:57.500593902,2025-05-28 23:34:13.187821710,Hub 3,13.007301842324807,80.17043368927395,11.59,7,0.608,162.12
ORD100592,2025-05-29 00:00:00,2025-05-29 06:35:43.104071659,2025-05-29 07:09:42.388547227,Hub 2,13.055759529888634,80.0975872433579,39.54,2,0.612,232.48
ORD100593,2025-05-29 06:00:00,2025-05-29 12:17:44.450649672,2025-05-29 12:49:10.520368536,Hub 3,13.182004174198001,80.31459765091648,35.95,2,0.534,219.01
ORD100594,2025-05-29 12:00:00,2025-05-29 17:59:51.274660401,2025-05-29 18:28:07.214691548,Hub 1,12.938384723726397,80.29713342703035,34.17,1,0.428,193.81
ORD100595,2025-05-29 18:00:00,2025-05-29 23:55:40.198247166,2025-05-30 00:26:32.586969972,Hub 1,12.975737761770686,80.26651646581514,26.13,5,0.416,203.71
ORD100596,2025-05-30 00:00:00,2025-05-30 04:20:56.549676519,2025-05-30 04:40:59.658748713,Hub 3,12.982775506472848,80.13146411422336,12.59,2,0.195,126.22
ORD100597,2025-05-30 06:00:00,2025-05-30 11:35:03.768116294,2025-05-30 11:57:14.537975906,Hub 1,13.061938355175709,80.1707339912301,20.21,6,0.315,175.42
ORD100598,2025-05-30 12:00:00,2025-05-30 18:45:37.061443551,2025-05-30 19:33:37.268281749,Hub 3,12.974856218564,80.08082447573572,36.12,5,0.897,249.68
ORD100599,2025-05-30 18:00:00,2025-05-30 21:25:49.942448209,2025-05-30 21:45:01.837992127,Hub 1,13.036729173854892,80.10671185741826,3.37,1,0.443,80.02
ORD100600,2025-05-31 00:00:00,2025-05-31 06:43:08.454923500,2025-05-31 07:30:36.397117030,Hub 1,13.12362661544576,80.28490499119502,35.63,5,0.875,261.83
ORD100601,2025-05-31 06:00:00,2025-05-31 10:28:36.912552290,2025-05-31 10:53:39.761950922,Hub 3,13.09688495793927,80.2645116156552,12.32,3,0.459,117.99
ORD100602,2025-05-31 12:00:00,2025-05-31 16:44:01.588689308,2025-05-31 17:16:45.043678022,Hub 1,13.006229026279405,80.22804572889278,8.21,7,0.736,148.84
ORD100603,2025-05-31 18:00:00,2025-05-31 22:19:52.547004526,2025-05-31 22:43:18.952020856,Hub 3,13.152475662185958,80.31871801777784,6.98,5,0.433,125.22
ORD100604,2025-06-01 00:00:00,2025-06-01 03:33:51.525154166,2025-06-01 03:52:28.336868918,Hub 1,13.04534908735785,80.22497995534391,3.17,2,0.6,85.51
ORD100605,2025-06-01 06:00:00,2025-06-01 11:11:34.265659358,2025-06-01 11:44:38.676141728,Hub 1,13.038967043825775,80.19009039998907,24.51,1,0.59,147.95
ORD100606,2025-06-01 12:00:00,2025-06-01 16:59:55.552357748,2025-06-01 17:15:01.020987020,Hub 2,12.861965718078705,80.15211122389172,11.39,7,0.242,157.67
ORD100607,2025-06-01 18:00:00,2025-06-02 01:00:43.669778558,2025-06-02 01:42:18.533310224,Hub 2,13.195342543125006,80.33213455172084,44.55,2,0.636,272.96
ORD100608,2025-06-02 00:00:00,2025-06-02 06:16:30.234150750,2025-06-02 06:54:33.097442118,Hub 3,12.893039782985369,80.0748146384573,26.7,7,0.455,223.18
ORD100609,2025-06-02 06:00:00,2025-06-02 10:33:38.719974693,2025-06-02 11:11:25.329645489,Hub 2,12.930895819349676,80.32926621161823,7.93,6,0.87,135.45
ORD100610,2025-06-02 12:00:00,2025-06-02 18:05:05.036776465,2025-06-02 18:57:52.688625583,Hub 3,12.868093893034533,80.2980143979793,31.62,3,0.938,216.44
ORD100611,2025-06-02 18:00:00,2025-06-03 01:17:00.892007977,2025-06-03 01:57:08.430795661,Hub 2,13.07400103839292,80.08897897736071,40.6,6,0.43,286.29
ORD100612,2025-06-03 00:00:00,2025-06-03 06:08:12.815490267,2025-06-03 06:49:07.409088177,Hub 1,12.928645411940437,80.21949530730257,34.04,2,0.472,220.69
ORD100613,2025-06-03 06:00:00,2025-06-03 09:44:26.074207410,2025-06-03 10:06:52.783461696,Hub 3,12.913003653115453,80.30996439452473,5.29,2,0.793,104.19
ORD100614,2025-06-03 12:00:00,2025-06-03 18:40:36.905937384,2025-06-03 19:29:35.954504382,Hub 3,12.880994454478135,80.22154274908215,40.52,2,0.682,247.69
ORD100615,2025-06-03 18:00:00,2025-06-04 00:36:41.689077595,2025-06-04 01:19:52.937779951,Hub 1,12.886158134993405,80.32215994646818,36.14,4,0.529,234.07
ORD100616,2025-06-04 00:00:00,2025-06-04 04:11:02.120311363,2025-06-04 04:30:31.015331413,Hub 3,13.054634745154905,80.3328951450448,8.81,3,0.588,116.15
ORD100617,2025-06-04 06:00:00,2025-06-04 10:24:08.037964652,2025-06-04 10:42:16.335540674,Hub 3,13.090872753053308,80.1767153566553,4.23,7,0.151,121.15
ORD100618,2025-06-04 12:00:00,2025-06-04 17:27:49.306421556,2025-06-04 17:50:23.424321461,Hub 2,12.98908264596254,80.1631940984219,25.96,2,0.222,178.88
ORD100619,2025-06-04 18:00:00,2025-06-04 22:01:32.861966286,2025-06-04 22:20:54.083823072,Hub 3,13.017963978557225,80.33089634619074,8.71,2,0.337,116.4
ORD100620,2025-06-05 00:00:00,2025-06-05 07:12:26.223288480,2025-06-05 07:54:11.237815908,Hub 1,13.090088707594044,80.2525420183449,37.89,7,0.461,278.3
ORD100621,2025-06-05 06:00:00,2025-06-05 11:21:02.517071065,2025-06-05 11:56:10.411294945,Hub 2,12.856082926564918,80.08480680440445,17.41,6,0.724,169.23
ORD100622,2025-06-05 12:00:00,2025-06-05 19:20:16.312537100,2025-06-05 20:18:06.876938834,Hub 2,12.963095729974597,80.0626875247668,41.25,6,0.772,283.51
ORD100623,2025-06-05 18:00:00,2025-06-05 23:29:37.377420619,2025-06-06 00:01:37.726813429,Hub 1,13.190584211824621,80.21938871529917,26.32,2,0.601,189.47
ORD100624,2025-06-06 00:00:00,2025-06-06 03:58:16.473756691,2025-06-06 04:23:23.277245833,Hub 1,13.053039280393413,80.32905128963152,9.85,1,0.562,110.59
ORD100625,2025-06-06 06:00:00,2025-06-06 10:16:00.825388942,2025-06-06 10:35:41.363140330,Hub 2,12.938978602964122,80.30327461072174,8.0,4,0.416,113.9
ORD100626,2025-06-06 12:00:00,2025-06-06 18:07:56.494444494,2025-06-06 18:46:21.245202192,Hub 3,13.032605516322674,80.2527543239393,26.79,6,0.254,233.9
ORD100627,2025-06-06 18:00:00,2025-06-07 00:02:48.298593026,2025-06-07 00:38:23.245115072,Hub 2,12.96992872084232,80.09173475466733,34.76,1,0.734,203.46
ORD100628,2025-06-07 00:00:00,2025-06-07 06:34:01.422855872,2025-06-07 07:10:01.120691426,Hub 1,13.036285746089204,80.12626941512461,35.6,4,0.539,228.66
ORD100629,2025-06-07 06:00:00,2025-06-07 10:27:17.270517294,2025-06-07 11:02:42.338073900,Hub 2,12.894009529132326,80.31265336796578,13.86,2,0.687,134.81
ORD100630,2025-06-07 12:00:00,2025-06-07 16:20:54.783189967,2025-06-07 16:42:03.862146499,Hub 1,12.896450128836747,80.10484217099706,10.78,3,0.518,141.58
ORD100631,2025-06-07 18:00:00,2025-06-07 21:58:36.156327952,2025-06-07 22:30:24.677007202,Hub 2,12.900239826713786,80.13353182247512,2.72,5,0.592,101.58
ORD100632,2025-06-08 00:00:00,2025-06-08 06:21:01.669050496,2025-06-08 06:58:42.472464016,Hub 3,13.178936927174394,80.08888019535863,31.21,5,0.342,220.78
ORD100633,2025-06-08 06:00:00,2025-06-08 09:44:27.730533793,2025-06-08 10:04:27.741562477,Hub 2,13.10651462141947,80.25283246942432,5.29,2,0.595,103.74
ORD100634,2025-06-08 12:00:00,2025-06-08 17:34:27.819502780,2025-06-08 18:04:58.876229770,Hub 2,12.906833663131811,80.33319469160895,20.09,6,0.781,192.87
ORD100635,2025-06-08 18:00:00,2025-06-08 23:28:21.699915837,2025-06-08 23:55:20.019712113,Hub 1,12.91592217931796,80.13069040947862,27.87,1,0.41,175.58
ORD100636,2025-06-09 00:00:00,2025-06-09 06:58:28.705389463,2025-06-09 07:43:17.576677939,Hub 1,13.105790316204805,80.19262198235502,42.3,3,0.662,264.4
ORD100637,2025-06-09 06:00:00,2025-06-09 11:20:02.247566730,2025-06-09 11:55:50.235678462,Hub 1,12.904657345677261,80.24030192191336,15.41,7,0.44,176.68
ORD100638,2025-06-09 12:00:00,2025-06-09 16:39:42.060895560,2025-06-09 17:06:46.587168168,Hub 2,12.93209645266719,80.34983987446468,12.74,4,0.245,143.65
ORD100639,2025-06-09 18:00:00,2025-06-09 23:48:38.665990292,2025-06-10 00:17:06.724616126,Hub 3,13.187171391487139,80.08144241949927,30.13,2,0.493,207.73
ORD100640,2025-06-10 00:00:00,2025-06-10 05:50:08.183513490,2025-06-10 06:32:50.515959942,Hub 1,12.939357283654951,80.1995712398517,28.63,3,0.738,206.45
ORD100641,2025-06-10 06:00:00,2025-06-10 10:48:24.216204675,2025-06-10 11:27:12.169327275,Hub 1,13.0815713226299,80.16553603597075,16.28,3,0.861,156.93
ORD100642,2025-06-10 12:00:00,2025-06-10 19:23:32.513678077,2025-06-10 20:13:18.860161207,Hub 2,13.192520950590184,80.3097460495667,41.91,6,0.494,280.61
ORD100643,2025-06-10 18:00:00,2025-06-11 00:47:38.724024616,2025-06-11 01:31:30.298864804,Hub 1,12.981003868498927,80.1927903193035,38.33,4,0.571,253.32
ORD100644,2025-06-11 00:00:00,2025-06-11 04:25:09.374841660,2025-06-11 04:43:50.631617592,Hub 3,12.856130596801721,80.08329325737554,11.63,3,0.7,132.29
ORD100645,2025-06-11 06:00:00,2025-06-11 10:55:24.938836104,2025-06-11 11:24:55.333478009,Hub 3,12.93545155164783,80.24032724358597,12.28,6,0.581,156.21
ORD100646,2025-06-11 12:00:00,2025-06-11 17:09:08.674474842,2025-06-11 17:34:11.858585550,Hub 1,13.140807016969596,80.28123418547916,24.03,1,0.645,176.39
ORD100647,2025-06-11 18:00:00,2025-06-12 00:50:19.080112326,2025-06-12 01:34:24.043001502,Hub 1,13.152613092584263,80.05086437549969,35.26,6,0.668,266.6
ORD100648,2025-06-12 00:00:00,2025-06-12 03:28:28.120894111,2025-06-12 03:45:38.180764405,Hub 2,13.118981777583326,80.30768700562618,3.89,1,0.345,64.19
ORD100649,2025-06-12 06:00:00,2025-06-12 11:48:04.023483177,2025-06-12 12:28:48.903975243,Hub 3,12.8895884366768,80.1058069000017,31.81,1,0.809,202.88
ORD100650,2025-06-12 12:00:00,2025-06-12 18:32:22.243076228,2025-06-12 19:21:33.432686636,Hub 3,13.12842863009374,80.21562080939601,29.87,7,0.661,234.17
ORD100651,2025-06-12 18:00:00,2025-06-12 23:02:46.093237278,2025-06-12 23:43:26.863660146,Hub 1,13.171537228947725,80.17473925020623,11.95,7,0.876,166.23
ORD100652,2025-06-13 00:00:00,2025-06-13 06:03:29.453870815,2025-06-13 06:37:32.137861555,Hub 2,13.060213339891183,80.26589614498316,31.3,3,0.753,218.73
ORD100653,2025-06-13 06:00:00,2025-06-13 13:26:08.363167152,2025-06-13 13:57:20.467786500,Hub 3,13.179306374718323,80.16134848443572,42.43,6,0.459,285.73
ORD100654,2025-06-13 12:00:00,2025-06-13 16:23:03.537400135,2025-06-13 16:56:31.088907523,Hub 3,13.139393609299157,80.3109289530045,4.01,7,0.8,132.96
ORD100655,2025-06-13 18:00:00,2025-06-13 22:27:43.511513266,2025-06-13 22:55:44.796206590,Hub 2,13.083440030946816,80.26914890828763,15.75,1,0.757,118.97
ORD100656,2025-06-14 00:00:00,2025-06-14 05:47:12.479644996,2025-06-14 06:12:39.461649874,Hub 2,13.052014832849112,80.24431395131887,20.84,7,0.335,187.51
ORD100657,2025-06-14 06:00:00,2025-06-14 12:59:20.458630129,2025-06-14 13:28:33.090374947,Hub 3,12.972000783534689,80.28887217866885,40.67,4,0.374,262.46
ORD100658,2025-06-14 12:00:00,2025-06-14 19:03:53.172661258,2025-06-14 19:34:36.907131664,Hub 3,12.905750605834982,80.2762069104785,43.38,3,0.242,234.1
ORD100659,2025-06-14 18:00:00,2025-06-14 23:39:29.086679804,2025-06-15 00:13:23.966714012,Hub 2,13.061733872941689,80.06078160247647,21.1,6,0.571,202.53
ORD100660,2025-06-15 00:00:00,2025-06-15 06:45:15.366516634,2025-06-15 07:26:43.296671680,Hub 3,12.96133904376634,80.16842030615345,34.25,6,0.412,249.26
ORD100661,2025-06-15 06:00:00,2025-06-15 11:49:18.427206561,2025-06-15 12:30:24.059186799,Hub 1,13.153253533634675,80.32924218919494,24.86,5,0.759,215.13
ORD100662,2025-06-15 12:00:00,2025-06-15 17:59:37.399858162,2025-06-15 18:51:40.573836664,Hub 1,13.19766792807552,80.08771728069766,25.12,6,0.848,213.89
ORD100663,2025-06-15 18:00:00,2025-06-15 22:36:47.483744356,2025-06-15 22:56:29.344951480,Hub 2,13.11334971691545,80.2711289651296,13.96,3,0.508,121.29
ORD100664,2025-06-16 00:00:00,2025-06-16 04:32:38.735571645,2025-06-16 05:02:06.061583577,Hub 2,12.881668593350467,80.34237754340059,11.33,4,0.513,138.28
ORD100665,2025-06-16 06:00:00,2025-06-16 11:05:55.268962418,2025-06-16 11:34:47.702017622,Hub 2,12.951039958435723,80.06565958871349,14.38,6,0.469,172.99
ORD100666,2025-06-16 12:00:00,2025-06-16 17:54:36.631293616,2025-06-16 18:38:58.672445872,Hub 1,12.888188371118012,80.25465816418797,25.92,5,0.765,216.58
ORD100667,2025-06-16 18:00:00,2025-06-16 21:43:16.101899684,2025-06-16 22:05:09.280955738,Hub 3,13.0776790767271,80.19044624239031,3.25,3,0.711,91.59
ORD100668,2025-06-17 00:00:00,2025-06-17 06:34:03.511382195,2025-06-17 07:16:52.266029747,Hub 1,13.117816802594524,80.22375257661241,41.01,1,0.536,236.66
ORD100669,2025-06-17 06:00:00,2025-06-17 10:01:36.059853190,2025-06-17 10:28:38.769609736,Hub 3,13.173986190808249,80.0756024009453,8.72,2,0.711,107.58
ORD100670,2025-06-17 12:00:00,2025-06-17 16:15:19.143931640,2025-06-17 16:42:38.448652022,Hub 1,13.003360321244195,80.06290208556008,11.46,2,0.857,119.72
ORD100671,2025-06-17 18:00:00,2025-06-17 23:10:25.762676174,2025-06-17 23:40:36.068300516,Hub 3,13.165481477355955,80.25005999816527,24.29,1,0.615,174.94
ORD100672,2025-06-18 00:00:00,2025-06-18 06:45:40.480485750,2025-06-18 07:30:57.969281580,Hub 1,13.157261905664464,80.29699282894622,32.53,7,0.724,242.54
ORD100673,2025-06-18 06:00:00,2025-06-18 10:24:34.904806203,2025-06-18 10:57:14.100245679,Hub 2,12.961018500867889,80.28460460047988,6.12,6,0.714,125.81
ORD100674,2025-06-18 12:00:00,2025-06-18 16:36:18.261598359,2025-06-18 17:03:43.617219621,Hub 1,13.1541152189392,80.21314171835986,15.66,2,0.868,135.31
ORD100675,2025-06-18 18:00:00,2025-06-19 01:41:15.902411910,2025-06-19 02:32:29.832031518,Hub 3,12.981485288158604,80.07996004634084,43.65,7,0.675,285.92
ORD100676,2025-06-19 00:00:00,2025-06-19 04:24:24.224271472,2025-06-19 04:50:42.220112476,Hub 1,12.953904246096098,80.2564133331508,13.28,2,0.561,129.17
ORD100677,2025-06-19 06:00:00,2025-06-19 10:26:18.346871313,2025-06-19 10:51:12.253694445,Hub 1,13.077176130578037,80.12256666506624,15.46,1,0.589,139.01
ORD100678,2025-06-19 12:00:00,2025-06-19 19:03:50.830528971,2025-06-19 19:44:44.770692117,Hub 1,12.964933429759778,80.32332061083021,37.97,6,0.171,254.42
ORD100679,2025-06-19 18:00:00,2025-06-19 22:14:47.766168805,2025-06-19 22:44:44.137496131,Hub 2,13.0705730619152,80.30147960786371,4.16,6,0.591,110.25
ORD100680,2025-06-20 00:00:00,2025-06-20 05:52:53.509877634,2025-06-20 06:26:18.504982194,Hub 1,13.063441131924543,80.26281489012621,21.98,7,0.435,208.72
ORD100681,2025-06-20 06:00:00,2025-06-20 10:40:37.056261424,2025-06-20 11:12:08.261688388,Hub 2,13.04720362457196,80.33465378674933,18.32,1,0.754,158.53
ORD100682,2025-06-20 12:00:00,2025-06-20 17:21:03.969202820,2025-06-20 18:00:28.559915654,Hub 2,12.983146896481479,80.05942654645338,15.61,7,0.754,176.48
ORD100683,2025-06-20 18:00:00,2025-06-20 23:05:25.524763177,2025-06-20 23:42:01.669689253,Hub 1,13.041974902578016,80.27086012751822,14.29,6,0.709,163.35
ORD100684,2025-06-21 00:00:00,2025-06-21 04:23:38.725952697,2025-06-21 04:45:25.458766827,Hub 1,13.058769916244897,80.14907283380091,5.93,6,0.746,136.94
ORD100685,2025-06-21 06:00:00,2025-06-21 10:44:41.253198637,2025-06-21 11:07:50.307168397,Hub 1,13.040990410973414,80.32181976570591,15.54,3,0.465,156.52
ORD100686,2025-06-21 12:00:00,2025-06-21 16:22:15.375995032,2025-06-21 16:43:36.719476060,Hub 3,13.00554680846292,80.13000255899858,3.85,7,0.646,125.94
ORD100687,2025-06-21 18:00:00,2025-06-22 00:24:54.433841014,2025-06-22 01:00:27.740080348,Hub 1,12.855133469966193,80.26745694979451,35.58,3,0.204,211.86
ORD100688,2025-06-22 00:00:00,2025-06-22 04:44:37.138542057,2025-06-22 05:10:11.755941291,Hub 2,13.055471597695401,80.31329410589522,19.12,1,0.555,149.46
ORD100689,2025-06-22 06:00:00,2025-06-22 11:21:26.359436926,2025-06-22 11:56:38.613213484,Hub 1,12.90895553479995,80.0624970455148,21.09,4,0.743,186.82
ORD100690,2025-06-22 12:00:00,2025-06-22 18:40:07.370165208,2025-06-22 19:32:06.836372646,Hub 3,13.074901589131516,80.16929427387761,40.42,2,0.891,248.65
ORD100691,2025-06-22 18:00:00,2025-06-22 23:58:28.909291810,2025-06-23 00:30:22.740937942,Hub 1,13.115770514773002,80.27869270960657,30.3,3,0.345,198.68
ORD100692,2025-06-23 00:00:00,2025-06-23 03:29:43.962433112,2025-06-23 03:41:55.640393396,Hub 3,13.02515585819576,80.18647566685227,2.35,2,0.542,89.65
ORD100693,2025-06-23 06:00:00,2025-06-23 13:17:46.955216201,2025-06-23 14:10:31.940976959,Hub 3,13.039827282742907,80.13017578893808,42.56,5,0.888,285.72
ORD100694,2025-06-23 12:00:00,2025-06-23 16:09:59.163611112,2025-06-23 16:32:26.702957562,Hub 1,13.183017495883096,80.11594160464695,12.2,1,0.637,110.82
ORD100695,2025-06-23 18:00:00,2025-06-23 22:09:08.222983401,2025-06-23 22:28:31.974514599,Hub 2,13.1465085764804,80.0894554800749,6.63,4,0.739,120.01
ORD100696,2025-06-24 00:00:00,2025-06-24 06:40:08.853501111,2025-06-24 07:16:57.068877285,Hub 3,13.169982780583014,80.30713886795688,35.03,5,0.54,232.1
ORD100697,2025-06-24 06:00:00,2025-06-24 11:42:36.157374680,2025-06-24 12:22:20.270861006,Hub 1,13.134818200911855,80.22260662097547,23.52,5,0.809,205.45
ORD100698,2025-06-24 12:00:00,2025-06-24 17:37:15.640301632,2025-06-24 18:11:41.185451176,Hub 1,12.888121419646355,80.07291548349744,20.65,6,0.586,189.35
ORD100699,2025-06-24 18:00:00,2025-06-24 22:48:38.589727906,2025-06-24 22:57:06.422072632,Hub 2,12.902147149589569,80.16477409707119,12.73,5,0.055,136.07
ORD100700,2025-06-25 00:00:00,2025-06-25 05:16:42.382219224,2025-06-25 05:42:43.426341816,Hub 3,13.034318329044135,80.16032009524153,25.54,1,0.188,163.78
ORD100701,2025-06-25 06:00:00,2025-06-25 10:35:59.561407114,2025-06-25 11:02:23.131682086,Hub 3,12.9361243805793,80.10452175721284,13.8,3,0.593,139.13
ORD100702,2025-06-25 12:00:00,2025-06-25 18:32:50.420768204,2025-06-25 19:05:42.189301616,Hub 1,13.016843416264406,80.18065228764165,40.77,1,0.35,238.39
ORD100703,2025-06-25 18:00:00,2025-06-25 22:23:16.137788557,2025-06-25 22:49:31.674747649,Hub 1,12.988027863336422,80.14962980961793,11.25,3,0.543,131.85
ORD100704,2025-06-26 00:00:00,2025-06-26 07:05:08.181440880,2025-06-26 07:50:03.996816072,Hub 2,13.042294983450658,80.15254111164765,40.03,5,0.774,267.35
ORD100705,2025-06-26 06:00:00,2025-06-26 11:55:16.329991882,2025-06-26 12:38:34.543030498,Hub 2,13.111406500647536,80.27170796733638,26.05,5,0.768,215.89
ORD100706,2025-06-26 12:00:00,2025-06-26 18:44:07.496927250,2025-06-26 19:25:10.322756922,Hub 3,13.100421817484746,80.11697901565155,37.62,4,0.648,251.18
ORD100707,2025-06-26 18:00:00,2025-06-27 00:10:15.713346604,2025-06-27 00:40:50.007435952,Hub 3,13.032431946369867,80.2425579876566,32.65,3,0.504,212.8
ORD100708,2025-06-27 00:00:00,2025-06-27 06:24:47.366937532,2025-06-27 07:05:26.816502862,Hub 1,13.13783769658597,80.22119488716427,31.96,5,0.509,228.4
ORD100709,2025-06-27 06:00:00,2025-06-27 11:13:44.060919265,2025-06-27 11:59:34.066036771,Hub 3,13.000801732038312,80.22042775370136,15.95,6,0.824,175.27
ORD100710,2025-06-27 12:00:00,2025-06-27 16:18:17.270415990,2025-06-27 16:49:06.623801520,Hub 2,13.163850001444041,80.24890220384253,12.06,2,0.703,129.74
ORD100711,2025-06-27 18:00:00,2025-06-27 22:31:20.432337081,2025-06-27 23:04:02.170236483,Hub 2,12.874948094519308,80.21451461085869,11.07,4,0.64,133.34
ORD100712,2025-06-28 00:00:00,2025-06-28 06:23:17.772376070,2025-06-28 06:57:33.011475313,Hub 1,13.184131010511656,80.31377653445391,38.86,1,0.559,224.27
ORD100713,2025-06-28 06:00:00,2025-06-28 12:42:23.505981339,2025-06-28 13:24:14.742799839,Hub 2,13.07914257850097,80.25267402758507,37.28,4,0.934,267.99
ORD100714,2025-06-28 12:00:00,2025-06-28 17:02:43.398511357,2025-06-28 17:39:33.541366027,Hub 2,12.983026078128022,80.21408897541141,20.94,2,0.595,168.38
ORD100715,2025-06-28 18:00:00,2025-06-28 22:05:28.019514105,2025-06-28 22:35:45.441932577,Hub 2,12.919003944300506,80.29892893608628,7.69,3,0.451,104.26
ORD100716,2025-06-29 00:00:00,2025-06-29 04:41:11.054050508,2025-06-29 05:05:59.932520042,Hub 2,13.01771413030526,80.23184396948004,18.44,1,0.218,139.37
ORD100717,2025-06-29 06:00:00,2025-06-29 11:32:09.530558365,2025-06-29 12:00:50.905866781,Hub 1,12.918095413114855,80.13734327433555,28.63,1,0.525,184.7
ORD100718,2025-06-29 12:00:00,2025-06-29 17:14:41.800692789,2025-06-29 17:30:50.363381205,Hub 1,12.9082160627101,80.11212847545296,21.54,3,0.223,167.05
ORD100719,2025-06-29 18:00:00,2025-06-30 01:00:44.441563431,2025-06-30 01:38:11.526959139,Hub 3,13.06607311509454,80.0956983356988,35.55,7,0.509,261.58
ORD100720,2025-06-30 00:00:00,2025-06-30 07:47:29.334407042,2025-06-30 08:27:43.046597078,Hub 2,13.033079653603624,80.31983656376383,44.9,7,0.538,309.85
ORD100721,2025-06-30 06:00:00,2025-06-30 10:27:05.603940990,2025-06-30 10:54:28.888059546,Hub 3,13.084533612113828,80.26304062953942,10.22,4,0.652,135.73
ORD100722,2025-06-30 12:00:00,2025-06-30 17:33:49.495573609,2025-06-30 18:14:18.663923395,Hub 1,13.175362057097695,80.3312135314493,21.76,5,0.519,186.31
ORD100723,2025-06-30 18:00:00,2025-06-30 23:45:39.692334780,2025-07-01 00:15:48.348875232,Hub 1,13.036291074668663,80.23098754171448,20.53,7,0.362,202.82
ORD100724,2025-07-01 00:00:00,2025-07-01 04:51:27.953672461,2025-07-01 05:25:56.024338753,Hub 1,13.05332621864198,80.19202026444847,15.09,4,0.746,157.18
ORD100725,2025-07-01 06:00:00,2025-07-01 10:55:35.432165690,2025-07-01 11:33:31.499915564,Hub 1,12.88136921870423,80.06791494669126,10.52,7,0.591,157.97
ORD100726,2025-07-01 12:00:00,2025-07-01 15:42:07.428302715,2025-07-01 16:00:08.173770267,Hub 1,13.10117252506802,80.2514926844638,4.82,2,0.575,95.28
ORD100727,2025-07-01 18:00:00,2025-07-02 01:14:43.839192184,2025-07-02 02:10:33.758515030,Hub 1,12.989966822381454,80.22466262793047,40.15,6,0.583,272.52
ORD100728,2025-07-02 00:00:00,2025-07-02 05:25:16.048200154,2025-07-02 06:09:22.673707702,Hub 1,13.191853833531901,80.34706266807628,20.05,5,0.625,181.79
ORD100729,2025-07-02 06:00:00,2025-07-02 11:32:49.952188651,2025-07-02 12:08:38.799838495,Hub 2,13.13811090545848,80.12174763333466,23.37,4,0.705,184.54
ORD100730,2025-07-02 12:00:00,2025-07-02 19:21:08.552421792,2025-07-02 20:01:04.790351388,Hub 3,13.03286836418064,80.20922120658605,41.43,6,0.442,269.82
ORD100731,2025-07-02 18:00:00,2025-07-03 00:50:54.147159956,2025-07-03 01:38:11.360893202,Hub 1,12.893127928960258,80.24528720053542,35.38,6,0.614,245.88
ORD100732,2025-07-03 00:00:00,2025-07-03 04:41:03.466307112,2025-07-03 05:06:30.601516614,Hub 2,13.150795527648205,80.2433773524227,7.61,7,0.5,131.84
ORD100733,2025-07-03 06:00:00,2025-07-03 11:38:33.917582140,2025-07-03 12:06:53.947117774,Hub 2,13.129923383398406,80.21838806288451,26.31,3,0.606,184.59
ORD100734,2025-07-03 12:00:00,2025-07-03 17:03:05.054367103,2025-07-03 17:41:24.672388729,Hub 3,12.914604795337961,80.28307840309816,21.02,2,0.694,161.77
ORD100735,2025-07-03 18:00:00,2025-07-04 00:19:24.022836267,2025-07-04 00:58:40.621791680,Hub 1,12.953347401227107,80.11149436285804,36.28,2,0.41,222.39
ORD100736,2025-07-04 00:00:00,2025-07-04 06:03:42.599864192,2025-07-04 06:35:33.000995186,Hub 3,13.127692540351742,80.26768816008232,33.14,2,0.393,205.89
ORD100737,2025-07-04 06:00:00,2025-07-04 12:23:26.233812654,2025-07-04 12:56:45.851988948,Hub 1,12.914829956291593,80.23592037142993,31.69,5,0.589,211.01
ORD100738,2025-07-04 12:00:00,2025-07-04 16:32:13.028377689,2025-07-04 16:51:56.812092879,Hub 2,13.171213371209982,80.31882253353837,16.64,1,0.609,147.68
ORD100739,2025-07-04 18:00:00,2025-07-05 00:48:04.032122151,2025-07-05 01:29:32.980609053,Hub 2,12.998584598818725,80.30415833171007,36.61,5,0.532,258.12
ORD100740,2025-07-05 00:00:00,2025-07-05 03:57:15.847713172,2025-07-05 04:21:03.383439790,Hub 2,12.88046363690568,80.14454411173976,4.25,4,0.718,112.79
ORD100741,2025-07-05 06:00:00,2025-07-05 10:38:19.161228476,2025-07-05 11:09:41.801325956,Hub 2,13.135512025226499,80.13287119749255,8.86,6,0.768,160.85
ORD100742,2025-07-05 12:00:00,2025-07-05 17:16:09.540221415,2025-07-05 17:47:44.614916487,Hub 3,12.980728389063435,80.34449599715573,16.43,6,0.337,160.94
ORD100743,2025-07-05 18:00:00,2025-07-05 21:35:30.815989792,2025-07-05 21:54:13.600228786,Hub 1,13.034274717953823,80.20817955427458,5.3,1,0.425,98.88
ORD100744,2025-07-06 00:00:00,2025-07-06 04:36:31.426180196,2025-07-06 05:13:26.040323594,Hub 1,12.889306520543926,80.32192628917433,12.1,4,0.694,134.01
ORD100745,2025-07-06 06:00:00,2025-07-06 12:17:28.947680674,2025-07-06 12:55:16.498847440,Hub 3,12.850904405195744,80.09916430713415,37.7,1,0.821,229.65
ORD100746,2025-07-06 12:00:00,2025-07-06 19:27:52.444837490,2025-07-06 20:12:29.641358930,Hub 1,13.073294822027654,80.24284567444005,42.77,6,0.552,273.51
ORD100747,2025-07-06 18:00:00,2025-07-06 23:18:29.370389486,2025-07-06 23:51:39.490696634,Hub 2,13.030311309616806,80.29295805620816,15.1,7,0.423,172.98
ORD100748,2025-07-07 00:00:00,2025-07-07 04:51:52.253871454,2025-07-07 05:23:25.490934345,Hub 1,13.057738499193102,80.33421857487593,13.37,5,0.578,155.83
ORD100749,2025-07-07 06:00:00,2025-07-07 10:28:10.615213977,2025-07-07 11:05:03.013105293,Hub 2,13.12781034763318,80.1512020423051,14.04,2,0.74,133.5
ORD100750,2025-07-07 12:00:00,2025-07-07 17:03:42.576226826,2025-07-07 17:36:23.123869730,Hub 3,13.076312069698,80.26749435097722,13.94,6,0.556,168.39
ORD100751,2025-07-07 18:00:00,2025-07-07 21:44:43.499350197,2025-07-07 22:11:59.796437175,Hub 1,12.911170704989582,80.21164390271188,3.54,3,0.463,93.95
ORD100752,2025-07-08 00:00:00,2025-07-08 06:47:17.220867669,2025-07-08 07:29:45.132640035,Hub 3,12.976270381688709,80.06818867781993,41.86,2,0.55,243.62
ORD100753,2025-07-08 06:00:00,2025-07-08 10:49:56.706026257,2025-07-08 11:24:20.519537935,Hub 1,13.167061886675716,80.25699992119267,11.19,6,0.557,146.61
ORD100754,2025-07-08 12:00:00,2025-07-08 17:25:18.052555648,2025-07-08 17:58:42.453185344,Hub 2,13.119480645088087,80.25702896747134,20.06,5,0.66,188.93
ORD100755,2025-07-08 18:00:00,2025-07-08 21:21:04.960787356,2025-07-08 21:39:45.017636620,Hub 3,13.04482297027785,80.32918204145396,2.42,1,0.631,70.53
ORD100756,2025-07-09 00:00:00,2025-07-09 07:17:27.620672805,2025-07-09 08:11:37.638191433,Hub 1,12.939475749233244,80.19919373385069,38.89,7,0.709,285.85
ORD100757,2025-07-09 06:00:00,2025-07-09 12:50:11.929743466,2025-07-09 13:48:49.286778424,Hub 2,12.955721175642179,80.11907527621315,33.44,7,0.867,268.56
ORD100758,2025-07-09 12:00:00,2025-07-09 18:51:33.152853740,2025-07-09 19:32:37.390022378,Hub 3,13.106185323654971,80.0633691470346,42.71,2,0.437,235.78
ORD100759,2025-07-09 18:00:00,2025-07-10 00:43:02.839681632,2025-07-10 01:22:52.251994428,Hub 3,13.147910991298469,80.17469265600577,35.61,5,0.526,254.15
ORD100760,2025-07-10 00:00:00,2025-07-10 05:20:26.814005473,2025-07-10 06:01:00.645807853,Hub 1,13.084998634335715,80.14057501002324,15.49,7,0.586,194.27
ORD100761,2025-07-10 06:00:00,2025-07-10 11:06:17.566327598,2025-07-10 11:21:24.870916886,Hub 1,13.133335491518954,80.27832649180716,12.66,7,0.345,163.08
ORD100762,2025-07-10 12:00:00,2025-07-10 18:16:00.540367438,2025-07-10 18:51:03.158580574,Hub 1,13.118329647320142,80.15628032945231,32.0,4,0.742,231.04
ORD100763,2025-07-10 18:00:00,2025-07-10 22:55:17.054797634,2025-07-10 23:21:50.386367030,Hub 2,12.902396388784934,80.33472135889444,17.66,3,0.357,158.6
ORD100764,2025-07-11 00:00:00,2025-07-11 05:29:44.173703209,2025-07-11 06:09:25.363744249,Hub 1,12.998380684519654,80.33869306089633,26.35,2,0.885,187.15
ORD100765,2025-07-11 06:00:00,2025-07-11 09:20:20.721376240,2025-07-11 09:45:31.823551438,Hub 3,12.903544330289996,80.23627257706531,2.27,1,0.776,79.52
ORD100766,2025-07-11 12:00:00,2025-07-11 16:26:18.325551678,2025-07-11 16:47:28.554080712,Hub 3,12.932332454680694,80.32859808610446,4.66,7,0.311,116.29
ORD100767,2025-07-11 18:00:00,2025-07-11 23:41:06.246441243,2025-07-12 00:14:23.462201295,Hub 1,13.154240868627868,80.27825630335434,25.02,4,0.427,191.73
ORD100768,2025-07-12 00:00:00,2025-07-12 05:56:42.324239180,2025-07-12 06:27:49.619988818,Hub 1,13.015512187971613,80.21405789229253,26.34,5,0.528,210.18
ORD100769,2025-07-12 06:00:00,2025-07-12 12:54:33.742983524,2025-07-12 13:43:10.137479552,Hub 3,13.037375335644931,80.10409238062682,34.31,7,0.655,262.35
ORD100770,2025-07-12 12:00:00,2025-07-12 16:05:22.352623148,2025-07-12 16:31:53.902031353,Hub 2,12.91245608782972,80.18757938305414,7.67,3,0.513,120.02
ORD100771,2025-07-12 18:00:00,2025-07-12 23:09:20.061780462,2025-07-12 23:52:25.675686198,Hub 1,12.959295125117078,80.21826233900877,24.07,1,0.89,165.69
ORD100772,2025-07-13 00:00:00,2025-07-13 04:36:48.374613169,2025-07-13 05:05:50.594946175,Hub 1,12.930586158949755,80.30918847422049,10.36,5,0.231,128.87
ORD100773,2025-07-13 06:00:00,2025-07-13 10:15:02.229942358,2025-07-13 10:45:27.797869108,Hub 3,12.922165157581448,80.1944000129607,6.01,5,0.736,140.12
ORD100774,2025-07-13 12:00:00,2025-07-13 16:56:15.395743381,2025-07-13 17:32:28.280065399,Hub 1,13.07328627766059,80.31930240180338,19.65,2,0.841,159.16
ORD100775,2025-07-13 18:00:00,2025-07-13 22:48:07.042760348,2025-07-13 23:06:09.208210622,Hub 2,12.939909346676,80.25230469370703,9.02,7,0.408,148.65
ORD100776,2025-07-14 00:00:00,2025-07-14 04:15:40.987518681,2025-07-14 04:42:23.055769971,Hub 3,13.071205420107146,80.0910997189161,11.54,2,0.801,124.93
ORD100777,2025-07-14 06:00:00,2025-07-14 10:27:16.454080317,2025-07-14 10:55:33.695135361,Hub 1,12.870459114937994,80.34849441079753,15.65,1,0.766,127.49
ORD100778,2025-07-14 12:00:00,2025-07-14 17:08:46.110369588,2025-07-14 17:46:43.196921184,Hub 3,12.899621037734486,80.20816979822617,13.15,7,0.599,181.21
ORD100779,2025-07-14 18:00:00,2025-07-14 22:22:49.927736535,2025-07-14 22:40:30.856429509,Hub 1,12.946089088900044,80.16755748892272,5.77,6,0.343,119.85
ORD100780,2025-07-15 00:00:00,2025-07-15 04:32:19.919558691,2025-07-15 05:06:02.023222101,Hub 1,13.058966420913492,80.24773412934086,5.87,7,0.64,129.42
ORD100781,2025-07-15 06:00:00,2025-07-15 10:45:32.917456519,2025-07-15 11:14:14.296531927,Hub 1,13.086544435780581,80.08266799419431,10.31,6,0.561,143.92
ORD100782,2025-07-15 12:00:00,2025-07-15 16:05:52.213524676,2025-07-15 16:29:45.443060110,Hub 2,13.004950938372835,80.240961594026,4.17,5,0.599,98.5
ORD100783,2025-07-15 18:00:00,2025-07-15 23:42:41.295553833,2025-07-16 00:24:26.968207677,Hub 2,13.00602682010203,80.19947080014978,28.94,2,0.864,194.61
ORD100784,2025-07-16 00:00:00,2025-07-16 04:38:46.514642964,2025-07-16 05:06:58.878933270,Hub 3,13.103580897989517,80.17200222099957,14.36,3,0.711,135.76
ORD100785,2025-07-16 06:00:00,2025-07-16 11:13:08.722984220,2025-07-16 11:38:53.660149136,Hub 1,12.855537382117953,80.33590600635367,14.03,7,0.387,172.6
ORD100786,2025-07-16 12:00:00,2025-07-16 16:48:22.777995668,2025-07-16 17:09:55.085037536,Hub 1,12.969381508565977,80.20676191501961,16.28,3,0.664,145.26
ORD100787,2025-07-16 18:00:00,2025-07-17 00:35:30.071937307,2025-07-17 01:22:44.461775137,Hub 2,13.136547469991731,80.11573524384097,30.5,7,0.848,253.17
ORD100788,2025-07-17 00:00:00,2025-07-17 07:02:11.177071137,2025-07-17 07:40:46.729966719,Hub 1,13.06112679357468,80.18768904381318,39.44,5,0.472,271.27
ORD100789,2025-07-17 06:00:00,2025-07-17 12:11:12.221429967,2025-07-17 12:42:16.047981831,Hub 2,12.968029496464396,80.3258162213718,34.64,2,0.464,222.01
ORD100790,2025-07-17 12:00:00,2025-07-17 17:55:25.127069905,2025-07-17 18:30:24.239409997,Hub 1,13.166933677315384,80.10282864139917,33.28,1,0.524,201.54
ORD100791,2025-07-17 18:00:00,2025-07-17 23:03:08.646294250,2025-07-17 23:31:52.760631994,Hub 3,13.120417954607284,80.11418711160647,22.83,1,0.455,159.12
ORD100792,2025-07-18 00:00:00,2025-07-18 05:48:10.091684880,2025-07-18 06:26:42.740366903,Hub 1,12.942713406532857,80.05390887032712,31.83,1,0.735,189.2
ORD100793,2025-07-18 06:00:00,2025-07-18 12:11:50.634547634,2025-07-18 13:00:17.162383076,Hub 1,13.075851443134,80.05425701481873,25.77,7,0.752,223.19
ORD100794,2025-07-18 12:00:00,2025-07-18 16:59:29.631813604,2025-07-18 17:39:52.462178020,Hub 2,13.058512754866134,80.29881748808755,11.3,7,0.832,158.2
ORD100795,2025-07-18 18:00:00,2025-07-18 22:21:50.789943860,2025-07-18 22:47:06.017053040,Hub 1,12.990415769913643,80.26963678205288,10.97,3,0.648,133.58
ORD100796,2025-07-19 00:00:00,2025-07-19 04:31:43.456888689,2025-07-19 04:54:41.960723799,Hub 1,12.978434627721679,80.15651231693559,14.74,2,0.567,154.85
ORD100797,2025-07-19 06:00:00,2025-07-19 13:28:49.354455511,2025-07-19 14:20:38.508184975,Hub 2,12.970246166171496,80.25949334716827,41.16,7,0.685,291.58
ORD100798,2025-07-19 12:00:00,2025-07-19 17:25:41.651440899,2025-07-19 18:03:53.180257743,Hub 3,13.066004524188475,80.16856177789299,25.54,2,0.731,166.96
ORD100799,2025-07-19 18:00:00,2025-07-20 00:14:47.379363324,2025-07-20 00:55:52.340245092,Hub 3,13.004843477768233,80.33586903879934,33.56,3,0.445,215.96
ORD100800,2025-07-20 00:00:00,2025-07-20 05:27:30.608001633,2025-07-20 06:06:25.616230071,Hub 2,13.141152089637997,80.34011580442781,16.9,7,0.527,183.5
ORD100801,2025-07-20 06:00:00,2025-07-20 10:46:39.533441581,2025-07-20 11:10:18.185806861,Hub 2,13.084360915646887,80.1678381327428,19.53,1,0.564,147.02
ORD100802,2025-07-20 12:00:00,2025-07-20 15:45:59.795964421,2025-07-20 16:06:36.719653531,Hub 2,12.874476061998301,80.30626657190226,7.4,1,0.622,90.68
ORD100803,2025-07-20 18:00:00,2025-07-20 22:31:49.704955899,2025-07-20 23:04:27.566224011,Hub 2,13.074058878339857,80.28192671250923,9.37,5,0.665,139.6
ORD100804,2025-07-21 00:00:00,2025-07-21 07:01:52.899557257,2025-07-21 07:55:54.927834277,Hub 2,12.944901602775063,80.14299998115153,37.58,6,0.761,256.1
ORD100805,2025-07-21 06:00:00,2025-07-21 11:51:44.418348784,2025-07-21 12:27:33.921615190,Hub 3,13.057484197078697,80.11961194867033,27.15,4,0.408,191.62
ORD100806,2025-07-21 12:00:00,2025-07-21 17:16:34.168809900,2025-07-21 17:58:35.884454742,Hub 3,13.088046175886207,80.18747039511784,16.51,6,0.971,186.94
ORD100807,2025-07-21 18:00:00,2025-07-22 01:05:36.780596041,2025-07-22 01:45:25.899407293,Hub 2,12.930790216203905,80.28440465218432,36.52,7,0.62,258.67
ORD100808,2025-07-22 00:00:00,2025-07-22 04:21:00.106782728,2025-07-22 04:33:24.537716336,Hub 1,13.009900525708128,80.33805033541861,12.6,2,0.299,124.2
ORD100809,2025-07-22 06:00:00,2025-07-22 13:42:50.821811942,2025-07-22 14:29:25.262373692,Hub 2,12.916613701986673,80.27907372065997,43.97,7,0.421,283.14
ORD100810,2025-07-22 12:00:00,2025-07-22 16:42:08.147139926,2025-07-22 17:16:37.364274596,Hub 1,12.868318606525278,80.30656209550551,16.83,2,0.821,162.21
ORD100811,2025-07-22 18:00:00,2025-07-22 22:40:31.311308550,2025-07-22 22:56:43.941582066,Hub 2,12.982466748220054,80.23091929185115,16.5,2,0.385,131.83
ORD100812,2025-07-23 00:00:00,2025-07-23 05:11:03.663581424,2025-07-23 05:43:38.632936182,Hub 2,12.977030495146098,80.30062234925263,15.41,6,0.595,167.85
ORD100813,2025-07-23 06:00:00,2025-07-23 10:12:15.238555423,2025-07-23 10:46:58.203609871,Hub 3,13.19841817174649,80.28532625740102,7.25,4,0.863,127.36
ORD100814,2025-07-23 12:00:00,2025-07-23 16:18:53.669200582,2025-07-23 16:46:58.085271874,Hub 1,13.006223322919174,80.16309566257787,6.78,5,0.904,127.03
ORD100815,2025-07-23 18:00:00,2025-07-24 00:23:20.554945490,2025-07-24 01:15:36.763821380,Hub 1,12.96674934231527,80.21559709063621,29.87,6,0.853,236.65
ORD100816,2025-07-24 00:00:00,2025-07-24 06:54:09.022774798,2025-07-24 07:36:58.368060334,Hub 3,13.053166252350836,80.29142593659691,39.63,4,0.677,261.58
ORD100817,2025-07-24 06:00:00,2025-07-24 12:08:57.714582505,2025-07-24 12:52:57.651322795,Hub 3,12.881068587937719,80.06381702025699,35.99,1,0.657,224.98
ORD100818,2025-07-24 12:00:00,2025-07-24 15:49:20.287962876,2025-07-24 16:08:45.916918518,Hub 3,13.186583007584185,80.29242378470674,8.07,1,0.646,106.14
ORD100819,2025-07-24 18:00:00,2025-07-24 23:25:18.009371118,2025-07-24 23:48:04.952341200,Hub 3,13.072236015956861,80.1033664372147,25.46,2,0.436,175.29
ORD100820,2025-07-25 00:00:00,2025-07-25 03:59:42.130943098,2025-07-25 04:20:14.658199846,Hub 1,13.114193236979297,80.20440508513643,6.54,3,0.589,107.09
ORD100821,2025-07-25 06:00:00,2025-07-25 10:22:44.300902609,2025-07-25 10:47:54.305052613,Hub 1,12.909667278360871,80.29248263186678,3.95,7,0.519,146.75
ORD100822,2025-07-25 12:00:00,2025-07-25 18:34:07.377586064,2025-07-25 19:14:18.574103810,Hub 2,12.99331724855182,80.126146323447,30.22,7,0.6,247.55
ORD100823,2025-07-25 18:00:00,2025-07-25 23:23:03.465104478,2025-07-25 23:46:26.440237878,Hub 2,12.997941189688666,80.12374223179184,25.01,2,0.308,164.84
ORD100824,2025-07-26 00:00:00,2025-07-26 03:54:38.105539228,2025-07-26 04:10:40.057465239,Hub 3,13.13763225536538,80.17082931953867,5.53,3,0.273,98.47
ORD100825,2025-07-26 06:00:00,2025-07-26 09:53:30.716278638,2025-07-26 10:17:46.416696900,Hub 3,12.850432837915793,80.31839283927329,3.5,4,0.688,102.78
ORD100826,2025-07-26 12:00:00,2025-07-26 18:51:47.857732981,2025-07-26 19:34:27.056478301,Hub 3,12.95529858792364,80.05013283443115,44.56,1,0.679,252.65
ORD100827,2025-07-26 18:00:00,2025-07-26 22:19:27.275184724,2025-07-26 22:36:14.292532228,Hub 2,13.193432731020506,80.32041492899258,3.29,7,0.521,115.4
ORD100828,2025-07-27 00:00:00,2025-07-27 05:39:34.414464348,2025-07-27 06:16:39.052607544,Hub 2,13.016210290227177,80.09614210739248,21.11,6,0.58,189.99
ORD100829,2025-07-27 06:00:00,2025-07-27 11:25:29.585417440,2025-07-27 11:58:04.623494710,Hub 2,12.983884198085402,80.34702591282024,23.7,3,0.62,195.42
ORD100830,2025-07-27 12:00:00,2025-07-27 16:11:12.913906624,2025-07-27 16:42:42.409124626,Hub 2,12.891940150706176,80.33645409791154,7.04,4,0.543,122.07
ORD100831,2025-07-27 18:00:00,2025-07-27 21:55:20.896941871,2025-07-27 22:08:35.408852023,Hub 2,13.190957620019805,80.19840255687738,9.27,1,0.454,81.08
ORD100832,2025-07-28 00:00:00,2025-07-28 05:19:38.284582692,2025-07-28 05:43:22.260740184,Hub 2,12.857009224574039,80.20381607434378,17.13,6,0.574,186.15
ORD100833,2025-07-28 06:00:00,2025-07-28 12:20:45.618803156,2025-07-28 13:01:39.183213128,Hub 2,13.108013078752535,80.19446480208275,34.75,3,0.568,235.03
ORD100834,2025-07-28 12:00:00,2025-07-28 17:17:01.363270376,2025-07-28 17:49:29.267360516,Hub 3,13.119009931675977,80.24063309369785,23.8,2,0.586,169.82
ORD100835,2025-07-28 18:00:00,2025-07-28 23:45:08.934181732,2025-07-29 00:23:43.000739325,Hub 3,12.935279850622353,80.07721651067048,29.43,2,0.977,209.88
ORD100836,2025-07-29 00:00:00,2025-07-29 06:59:48.751760670,2025-07-29 07:29:09.884683962,Hub 3,13.085045455264563,80.05978538450246,44.36,2,0.384,248.13
ORD100837,2025-07-29 06:00:00,2025-07-29 12:58:07.270115541,2025-07-29 13:47:45.954698211,Hub 3,12.882525200532786,80.06731087852476,35.02,7,0.488,254.1
ORD100838,2025-07-29 12:00:00,2025-07-29 17:19:23.263326022,2025-07-29 17:57:11.519799604,Hub 2,12.939966543251227,80.18330960477245,20.68,4,0.534,186.52
ORD100839,2025-07-29 18:00:00,2025-07-29 23:03:59.100791176,2025-07-29 23:18:31.690093353,Hub 1,13.125765695902292,80.13266438176584,21.2,2,0.493,157.71
ORD100840,2025-07-30 00:00:00,2025-07-30 06:26:02.159793830,2025-07-30 07:00:37.627801250,Hub 2,13.152640167211738,80.2366118687113,28.61,7,0.426,214.71
ORD100841,2025-07-30 06:00:00,2025-07-30 12:18:03.211188602,2025-07-30 13:08:57.258786908,Hub 1,13.062970244430927,80.34773268681244,30.61,5,0.73,227.65
ORD100842,2025-07-30 12:00:00,2025-07-30 18:00:39.170943291,2025-07-30 18:35:38.810436399,Hub 3,13.027393451137169,80.16589695192293,23.53,7,0.557,210.35
ORD100843,2025-07-30 18:00:00,2025-07-30 23:37:38.709774314,2025-07-30 23:59:44.467172642,Hub 2,12.905756407216643,80.22215237623135,29.73,1,0.268,192.81
ORD100844,2025-07-31 00:00:00,2025-07-31 04:18:03.569177941,2025-07-31 04:34:01.595299189,Hub 3,12.872088161577702,80.1746811687722,3.01,7,0.209,117.94
ORD100845,2025-07-31 06:00:00,2025-07-31 11:18:22.134944268,2025-07-31 11:41:53.677270493,Hub 2,12.891177159965745,80.30418150031656,20.47,4,0.475,169.11
ORD100846,2025-07-31 12:00:00,2025-07-31 17:03:58.301181349,2025-07-31 17:14:28.075756369,Hub 3,12.929575055033634,80.32067092103867,13.99,6,0.093,162.0
ORD100847,2025-07-31 18:00:00,2025-07-31 22:40:46.350343635,2025-07-31 23:12:28.651425675,Hub 1,12.969586075663921,80.31320668366158,7.55,7,0.471,143.13
ORD100848,2025-08-01 00:00:00,2025-08-01 03:49:24.150015231,2025-08-01 03:53:19.094718657,Hub 1,12.983318333928844,80.34231167160377,6.28,2,0.267,86.72
ORD100849,2025-08-01 06:00:00,2025-08-01 11:28:41.178936428,2025-08-01 11:52:18.280356254,Hub 1,12.97121261900615,80.05825575554212,27.94,1,0.221,183.99
ORD100850,2025-08-01 12:00:00,2025-08-01 17:29:34.447058268,2025-08-01 18:12:00.688246620,Hub 2,12.933669366269042,80.30194484864366,24.51,3,0.801,189.53
ORD100851,2025-08-01 18:00:00,2025-08-01 22:22:31.235109254,2025-08-01 22:38:52.378267550,Hub 1,13.028403486363095,80.27553165191172,12.9,2,0.54,126.03
ORD100852,2025-08-02 00:00:00,2025-08-02 05:00:15.255758167,2025-08-02 05:16:33.166976041,Hub 2,13.138850137881514,80.11860832282011,22.25,1,0.287,153.62
ORD100853,2025-08-02 06:00:00,2025-08-02 11:40:49.796865854,2025-08-02 12:15:15.436014644,Hub 1,12.947896238465017,80.33689602801626,23.17,5,0.325,180.23
ORD100854,2025-08-02 12:00:00,2025-08-02 16:18:55.615847659,2025-08-02 16:50:06.028093861,Hub 1,13.179835456685781,80.09445337846898,10.39,3,0.732,123.04
ORD100855,2025-08-02 18:00:00,2025-08-03 00:15:12.000498274,2025-08-03 00:50:17.805214948,Hub 2,13.155667831603346,80.25386497814017,30.04,5,0.566,222.53
ORD100856,2025-08-03 00:00:00,2025-08-03 06:51:53.859697380,2025-08-03 07:32:53.611485048,Hub 2,12.906617473973238,80.11746706504476,35.58,6,0.257,246.01
ORD100857,2025-08-03 06:00:00,2025-08-03 12:09:09.879677474,2025-08-03 12:43:38.910197114,Hub 1,13.125196584864982,80.17941419463222,36.03,1,0.285,220.22
ORD100858,2025-08-03 12:00:00,2025-08-03 18:04:31.860816074,2025-08-03 18:50:30.459806120,Hub 2,13.051105583811218,80.26574796908336,27.91,5,0.871,221.37
ORD100859,2025-08-03 18:00:00,2025-08-03 23:54:00.137714493,2025-08-04 00:22:42.150793473,Hub 1,13.048301376759996,80.21899739260991,24.0,6,0.44,209.44
ORD100860,2025-08-04 00:00:00,2025-08-04 03:32:06.992144768,2025-08-04 03:43:48.573070928,Hub 2,12.98686496707036,80.17825054939843,4.62,1,0.389,80.27
ORD100861,2025-08-04 06:00:00,2025-08-04 10:20:53.023755184,2025-08-04 10:45:12.412168996,Hub 3,13.025403549713703,80.1479015292796,14.38,1,0.539,132.62
ORD100862,2025-08-04 12:00:00,2025-08-04 16:15:03.201663437,2025-08-04 16:44:56.548248167,Hub 3,12.989012572100224,80.30189789671263,6.01,5,0.801,129.45
ORD100863,2025-08-04 18:00:00,2025-08-05 00:46:13.318775331,2025-08-05 01:32:10.449832869,Hub 3,13.038906416565979,80.09314430509444,43.44,1,0.635,248.26
ORD100864,2025-08-05 00:00:00,2025-08-05 03:57:02.533886312,2025-08-05 04:09:01.660865780,Hub 3,13.069782518470422,80.17903086295894,7.81,2,0.494,103.56
ORD100865,2025-08-05 06:00:00,2025-08-05 09:51:37.902787077,2025-08-05 10:05:11.057940422,Hub 3,13.086006332243166,80.32112727153253,8.53,1,0.593,93.04
ORD100866,2025-08-05 12:00:00,2025-08-05 18:57:15.538376462,2025-08-05 19:40:09.938072132,Hub 1,13.0363684173958,80.30375486513799,40.25,4,0.555,261.2
ORD100867,2025-08-05 18:00:00,2025-08-06 01:26:56.674856846,2025-08-06 02:06:03.884462504,Hub 3,13.102497723565055,80.17028252874191,42.59,6,0.366,278.87
ORD100868,2025-08-06 00:00:00,2025-08-06 06:03:39.194606131,2025-08-06 06:29:13.909181101,Hub 3,12.899447317246427,80.27893250908039,34.93,1,0.32,202.09
ORD100869,2025-08-06 06:00:00,2025-08-06 09:47:09.723515377,2025-08-06 10:00:02.295854953,Hub 3,12.924193871815783,80.29694824921265,2.23,4,0.58,106.82
ORD100870,2025-08-06 12:00:00,2025-08-06 15:19:17.366895339,2025-08-06 15:38:59.662908387,Hub 3,13.136557251425995,80.31666622720108,2.06,1,0.679,65.22
ORD100871,2025-08-06 18:00:00,2025-08-06 22:40:17.499930258,2025-08-06 22:59:33.412190171,Hub 2,12.962884792246244,80.21335173071476,18.26,1,0.319,132.69
ORD100872,2025-08-07 00:00:00,2025-08-07 04:25:49.800273139,2025-08-07 04:46:02.253585433,Hub 1,12.858012838741642,80.11133826581641,8.17,5,0.198,131.48
ORD100873,2025-08-07 06:00:00,2025-08-07 09:31:57.181233756,2025-08-07 09:45:41.691624354,Hub 3,12.90382690238381,80.12659272295117,2.79,2,0.354,82.33
ORD100874,2025-08-07 12:00:00,2025-08-07 17:43:46.460293316,2025-08-07 18:27:00.043075862,Hub 3,12.928265052073709,80.13870840221247,21.95,6,0.913,203.08
ORD100875,2025-08-07 18:00:00,2025-08-08 00:50:45.498476551,2025-08-08 01:33:35.758611691,Hub 3,13.185063010763105,80.22814074424288,42.55,2,0.422,250.16
ORD100876,2025-08-08 00:00:00,2025-08-08 04:46:37.272516240,2025-08-08 05:03:35.449423656,Hub 1,13.050564500125796,80.05984288723857,15.92,3,0.411,145.54
ORD100877,2025-08-08 06:00:00,2025-08-08 12:17:08.714751730,2025-08-08 12:59:35.158819894,Hub 2,13.17645575916669,80.24081274063398,30.43,5,0.621,213.09
ORD100878,2025-08-08 12:00:00,2025-08-08 18:15:13.836055409,2025-08-08 18:37:19.215865451,Hub 1,13.051307172673818,80.15930627152846,30.05,5,0.257,213.54
ORD100879,2025-08-08 18:00:00,2025-08-08 22:21:58.933337281,2025-08-08 22:41:13.193715001,Hub 2,13.017774054048248,80.13857254074689,12.8,2,0.536,138.39
ORD100880,2025-08-09 00:00:00,2025-08-09 06:32:50.485709828,2025-08-09 07:09:12.547203878,Hub 3,12.959804691917933,80.31384897121843,29.97,7,0.618,233.95
ORD100881,2025-08-09 06:00:00,2025-08-09 10:40:39.108268300,2025-08-09 11:11:06.143762242,Hub 3,13.062229830551681,80.18800071867423,11.13,5,0.517,139.54
ORD100882,2025-08-09 12:00:00,2025-08-09 15:54:13.895635143,2025-08-09 16:21:47.029178541,Hub 1,12.898719308616135,80.0785159136598,7.25,2,0.836,103.82
ORD100883,2025-08-09 18:00:00,2025-08-10 00:25:47.844383721,2025-08-10 01:04:34.068923883,Hub 1,13.164391569552446,80.29802403040787,32.16,5,0.546,230.29
ORD100884,2025-08-10 00:00:00,2025-08-10 03:43:23.386540641,2025-08-10 04:03:50.142479325,Hub 2,13.140266341799448,80.06429237723096,6.88,1,0.828,93.78
ORD100885,2025-08-10 06:00:00,2025-08-10 13:02:20.128919802,2025-08-10 13:41:28.814314446,Hub 2,12.961136006756858,80.26802476725045,44.87,2,0.519,263.71
ORD100886,2025-08-10 12:00:00,2025-08-10 16:07:26.535974836,2025-08-10 16:21:11.897115268,Hub 1,13.183479134660452,80.2821718665312,9.89,2,0.365,111.42
ORD100887,2025-08-10 18:00:00,2025-08-10 23:53:44.430029559,2025-08-11 00:30:13.618373553,Hub 2,13.138820268595449,80.15578078177866,27.55,4,0.537,209.62
ORD100888,2025-08-11 00:00:00,2025-08-11 05:23:26.731971222,2025-08-11 05:52:04.955550732,Hub 1,13.083207410042263,80.29743635688332,19.69,5,0.611,171.5
ORD100889,2025-08-11 06:00:00,2025-08-11 10:22:10.384849034,2025-08-11 10:59:23.353578422,Hub 2,12.892616668893845,80.20469782175694,7.43,5,0.759,128.69
ORD100890,2025-08-11 12:00:00,2025-08-11 15:33:59.186407748,2025-08-11 15:42:16.163457139,Hub 1,13.017381908066826,80.18898809598184,3.2,2,0.476,82.14
ORD100891,2025-08-11 18:00:00,2025-08-11 23:32:53.246441576,2025-08-11 23:58:23.984128135,Hub 1,13.027137644196362,80.0636209844406,28.78,1,0.489,187.28
ORD100892,2025-08-12 00:00:00,2025-08-12 06:12:27.172572879,2025-08-12 07:03:18.851336331,Hub 1,12.931392975427883,80.13700875809467,36.69,1,0.832,217.39
ORD100893,2025-08-12 06:00:00,2025-08-12 13:05:02.002033435,2025-08-12 13:43:15.525431017,Hub 2,12.877987888025755,80.32930299126558,38.21,6,0.415,269.1
ORD100894,2025-08-12 12:00:00,2025-08-12 17:02:47.003802691,2025-08-12 17:25:52.496317129,Hub 2,13.121853270665092,80.16754718898504,22.76,1,0.626,170.59
ORD100895,2025-08-12 18:00:00,2025-08-13 00:42:09.175526654,2025-08-13 01:25:37.239500594,Hub 2,12.892712268243537,80.21401015616702,35.43,5,0.615,238.21
ORD100896,2025-08-13 00:00:00,2025-08-13 06:37:39.728022002,2025-08-13 07:11:24.585015704,Hub 1,13.058001762696621,80.20960650369527,30.93,7,0.344,233.88
ORD100897,2025-08-13 06:00:00,2025-08-13 12:21:42.883404739,2025-08-13 12:51:50.580975595,Hub 2,13.17775721085928,80.22712932694681,33.14,4,0.403,220.01
ORD100898,2025-08-13 12:00:00,2025-08-13 17:13:54.527167362,2025-08-13 17:32:58.675658508,Hub 2,13.156636817409314,80.06839928669298,23.18,2,0.352,186.46
ORD100899,2025-08-13 18:00:00,2025-08-13 23:53:11.011449123,2025-08-14 00:43:48.732869823,Hub 1,12.947213418312241,80.15865287643962,29.24,3,0.648,201.32
ORD100900,2025-08-14 00:00:00,2025-08-14 06:39:11.284285132,2025-08-14 07:15:16.976959870,Hub 3,13.148007023142942,80.26693848216476,36.64,4,0.448,253.26
ORD100901,2025-08-14 06:00:00,2025-08-14 11:38:32.705864685,2025-08-14 12:10:16.533405273,Hub 1,12.850116377142172,80.1101680753219,19.11,7,0.814,187.4
ORD100902,2025-08-14 12:00:00,2025-08-14 18:30:17.127821192,2025-08-14 19:19:31.986435998,Hub 2,12.85619073336464,80.1110735132639,36.66,3,0.685,228.74
ORD100903,2025-08-14 18:00:00,2025-08-14 23:53:17.017271977,2025-08-15 00:31:16.463037469,Hub 1,13.060893607345003,80.0530271820067,27.46,4,0.553,197.89
ORD100904,2025-08-15 00:00:00,2025-08-15 03:54:40.123214384,2025-08-15 04:10:46.387979078,Hub 3,12.977679376700586,80.18124457798245,9.13,1,0.537,95.33
ORD100905,2025-08-15 06:00:00,2025-08-15 10:00:18.425628198,2025-08-15 10:12:26.626524683,Hub 1,12.985261294405701,80.31482031420202,3.06,5,0.305,101.81
ORD100906,2025-08-15 12:00:00,2025-08-15 17:30:59.521445150,2025-08-15 18:12:01.831925258,Hub 2,13.047554381737609,80.06557028307618,17.6,7,0.7,183.24
ORD100907,2025-08-15 18:00:00,2025-08-15 23:34:32.382635023,2025-08-16 00:09:16.265571919,Hub 3,12.917123859457151,80.1073356128488,25.51,3,0.697,183.53
ORD100908,2025-08-16 00:00:00,2025-08-16 07:13:33.682543424,2025-08-16 07:46:06.439409108,Hub 2,12.924114372732918,80.14302536150282,38.11,7,0.429,278.91
ORD100909,2025-08-16 06:00:00,2025-08-16 10:13:24.565273809,2025-08-16 10:42:34.436722377,Hub 3,13.019610555456602,80.26951742096927,7.48,4,0.405,126.3
ORD100910,2025-08-16 12:00:00,2025-08-16 18:47:02.661885117,2025-08-16 19:18:59.012674755,Hub 3,13.113988740520352,80.24219067784077,36.41,5,0.263,250.78
ORD100911,2025-08-16 18:00:00,2025-08-17 01:18:32.816694268,2025-08-17 02:12:53.701801762,Hub 1,13.066824212992655,80.17478317137456,39.11,7,0.594,281.34
ORD100912,2025-08-17 00:00:00,2025-08-17 04:09:23.868582310,2025-08-17 04:43:01.932131536,Hub 1,12.954074266882893,80.27772068177751,8.48,3,0.723,119.82
ORD100913,2025-08-17 06:00:00,2025-08-17 12:31:05.566719025,2025-08-17 12:56:29.988767599,Hub 2,13.000618012128122,80.23288930349706,38.62,2,0.247,224.16
ORD100914,2025-08-17 12:00:00,2025-08-17 19:19:09.751025172,2025-08-17 20:08:15.906025518,Hub 1,12.909732665492498,80.31881223989716,44.63,4,0.536,267.54
ORD100915,2025-08-17 18:00:00,2025-08-18 00:04:16.220920522,2025-08-18 00:36:34.041693664,Hub 1,12.876120435017977,80.2954080247416,33.25,2,0.571,214.98
ORD100916,2025-08-18 00:00:00,2025-08-18 06:07:43.528895543,2025-08-18 06:32:05.650885265,Hub 3,13.123943614260451,80.12584408182676,35.75,1,0.502,203.77
ORD100917,2025-08-18 06:00:00,2025-08-18 13:01:47.956951509,2025-08-18 13:45:22.956206181,Hub 1,12.942885593215868,80.13143157329026,44.76,2,0.724,255.51
ORD100918,2025-08-18 12:00:00,2025-08-18 17:38:10.708131786,2025-08-18 18:05:28.764126798,Hub 3,12.912218235747936,80.08760694273771,28.04,2,0.276,193.49
ORD100919,2025-08-18 18:00:00,2025-08-18 23:10:11.734328010,2025-08-18 23:41:02.112957294,Hub 3,13.09206631944926,80.15108941771523,15.24,6,0.631,184.83
ORD100920,2025-08-19 00:00:00,2025-08-19 06:46:04.147759581,2025-08-19 07:19:06.418057251,Hub 3,13.066318086000514,80.34986317561572,38.01,4,0.307,245.94
ORD100921,2025-08-19 06:00:00,2025-08-19 11:31:06.866529898,2025-08-19 12:11:22.601110516,Hub 2,13.071616369104712,80.17172535058451,28.42,1,0.696,195.16
ORD100922,2025-08-19 12:00:00,2025-08-19 17:32:57.420966001,2025-08-19 18:02:56.818650517,Hub 2,12.930113111696315,80.11614653040672,26.99,2,0.464,181.69
ORD100923,2025-08-19 18:00:00,2025-08-19 22:49:31.898666132,2025-08-19 23:06:36.889494590,Hub 2,12.931425938496938,80.27874486534266,12.91,5,0.268,133.87
ORD100924,2025-08-20 00:00:00,2025-08-20 06:19:36.712077618,2025-08-20 06:55:30.679471386,Hub 3,12.927280920424973,80.21274130103879,34.52,3,0.356,226.01
ORD100925,2025-08-20 06:00:00,2025-08-20 09:45:33.507858596,2025-08-20 10:11:35.799163964,Hub 2,12.910813408481802,80.09488043485808,5.51,2,0.761,103.92
ORD100926,2025-08-20 12:00:00,2025-08-20 18:37:43.303213250,2025-08-20 19:01:22.398532160,Hub 2,13.079503285396578,80.16420690434826,41.74,1,0.472,238.34
ORD100927,2025-08-20 18:00:00,2025-08-20 22:38:03.122643940,2025-08-20 23:08:41.555375866,Hub 1,13.14680555983729,80.1743409146618,16.01,2,0.668,139.66
ORD100928,2025-08-21 00:00:00,2025-08-21 04:04:28.293020990,2025-08-21 04:19:55.356557846,Hub 2,13.10351111438683,80.27614891017076,7.49,3,0.195,112.07
ORD100929,2025-08-21 06:00:00,2025-08-21 10:54:06.528277022,2025-08-21 11:18:52.340047760,Hub 2,13.127232771816189,80.05620141066757,21.02,1,0.464,142.69
ORD100930,2025-08-21 12:00:00,2025-08-21 15:55:07.861829408,2025-08-21 16:21:55.151853380,Hub 3,12.99167945017982,80.1307058940395,3.83,4,0.569,98.26
ORD100931,2025-08-21 18:00:00,2025-08-21 23:46:11.677906016,2025-08-22 00:13:02.037794198,Hub 3,13.0789265283802,80.20527889039465,31.44,1,0.456,186.11
ORD100932,2025-08-22 00:00:00,2025-08-22 07:00:04.901084744,2025-08-22 07:45:18.397491914,Hub 3,12.97398268415567,80.13065402273585,40.82,4,0.604,261.18
ORD100933,2025-08-22 06:00:00,2025-08-22 12:19:00.692792086,2025-08-22 12:54:24.328820908,Hub 3,13.033926617689023,80.23853021422569,38.0,1,0.833,220.57
ORD100934,2025-08-22 12:00:00,2025-08-22 16:40:23.066207479,2025-08-22 17:06:24.714178855,Hub 3,13.0185721962872,80.19456024378238,7.48,7,0.375,134.43
ORD100935,2025-08-22 18:00:00,2025-08-22 22:04:08.897668690,2025-08-22 22:35:56.855627782,Hub 3,12.91191050080035,80.15851307645787,7.43,3,0.538,105.32
ORD100936,2025-08-23 00:00:00,2025-08-23 06:31:53.304821983,2025-08-23 07:00:10.150931551,Hub 2,12.98547756611747,80.33476258806115,36.98,3,0.337,228.96
ORD100937,2025-08-23 06:00:00,2025-08-23 12:37:42.880142380,2025-08-23 13:07:23.787052192,Hub 3,13.187337796418822,80.23964784975593,41.74,1,0.361,223.64
ORD100938,2025-08-23 12:00:00,2025-08-23 17:52:02.640804852,2025-08-23 18:22:05.399910138,Hub 3,12.937003090200228,80.08898241168038,21.81,7,0.444,202.18
ORD100939,2025-08-23 18:00:00,2025-08-23 23:15:16.727408186,2025-08-23 23:52:36.454905746,Hub 1,12.89683130769782,80.21802750923301,23.46,2,0.831,186.12
ORD100940,2025-08-24 00:00:00,2025-08-24 04:45:25.580333876,2025-08-24 05:15:02.000272088,Hub 2,12.996503217568376,80.28421955596026,15.69,3,0.872,153.4
ORD100941,2025-08-24 06:00:00,2025-08-24 12:58:16.020025507,2025-08-24 13:39:46.129522453,Hub 2,13.12661820755105,80.26254690924783,40.45,4,0.446,268.15
ORD100942,2025-08-24 12:00:00,2025-08-24 18:04:39.247478270,2025-08-24 18:41:08.490862544,Hub 2,13.05375188042299,80.10162676878858,29.73,4,0.396,220.46
ORD100943,2025-08-24 18:00:00,2025-08-24 22:56:58.445345457,2025-08-24 23:33:05.981423954,Hub 3,13.088341189533384,80.34172599971203,14.39,5,0.721,166.11
ORD100944,2025-08-25 00:00:00,2025-08-25 05:08:14.299036598,2025-08-25 05:37:44.903836657,Hub 3,12.916393196861137,80.18464409372397,14.85,6,0.847,172.91
ORD100945,2025-08-25 06:00:00,2025-08-25 13:24:36.480942522,2025-08-25 14:18:19.095460242,Hub 3,13.066631867552703,80.09770750112207,40.32,7,0.642,283.38
ORD100946,2025-08-25 12:00:00,2025-08-25 16:06:55.878908385,2025-08-25 16:30:48.180640071,Hub 1,12.963225138219016,80.10405872623843,2.59,6,0.35,116.98
ORD100947,2025-08-25 18:00:00,2025-08-25 23:13:23.172788172,2025-08-25 23:49:30.787700610,Hub 3,13.142006178084168,80.07947049765671,15.88,6,0.57,167.95
ORD100948,2025-08-26 00:00:00,2025-08-26 05:45:11.201187690,2025-08-26 06:22:35.047582764,Hub 1,13.070254582103757,80.29105543253047,25.84,4,0.613,182.71
ORD100949,2025-08-26 06:00:00,2025-08-26 10:26:52.005261080,2025-08-26 10:49:46.060451612,Hub 2,12.919599697221352,80.08660914829655,8.37,5,0.388,131.86
ORD100950,2025-08-26 12:00:00,2025-08-26 16:23:48.073929176,2025-08-26 16:58:04.676704028,Hub 3,12.87261583794543,80.08753757714253,5.96,6,0.673,122.45
ORD100951,2025-08-26 18:00:00,2025-08-27 00:59:17.064671067,2025-08-27 01:58:58.818276285,Hub 1,12.864921623250462,80.30514148442825,37.06,6,0.828,257.5
ORD100952,2025-08-27 00:00:00,2025-08-27 06:31:17.816613563,2025-08-27 07:08:20.419121801,Hub 1,12.979992998677549,80.15338122533426,40.46,1,0.722,237.38
ORD100953,2025-08-27 06:00:00,2025-08-27 12:16:04.522828296,2025-08-27 12:49:14.104594266,Hub 3,12.94304789782901,80.05925737129242,37.42,1,0.228,213.93
ORD100954,2025-08-27 12:00:00,2025-08-27 18:32:14.363777612,2025-08-27 19:02:04.789167470,Hub 2,13.076131543211877,80.06556858985552,40.65,1,0.257,217.56
ORD100955,2025-08-27 18:00:00,2025-08-27 23:26:55.144426653,2025-08-27 23:57:38.673529317,Hub 2,13.024766842242515,80.09265113401116,25.78,2,0.568,181.97
ORD100956,2025-08-28 00:00:00,2025-08-28 06:58:38.129760775,2025-08-28 07:34:55.297730701,Hub 2,12.943106747301883,80.1140180043927,36.93,6,0.586,267.55
ORD100957,2025-08-28 06:00:00,2025-08-28 10:50:34.150035246,2025-08-28 11:19:10.011690000,Hub 1,12.902233222282561,80.24954385827152,18.51,2,0.674,143.2
ORD100958,2025-08-28 12:00:00,2025-08-28 18:18:14.855413078,2025-08-28 18:51:06.681036112,Hub 1,12.894519916940608,80.09719788400055,30.65,5,0.54,234.7
ORD100959,2025-08-28 18:00:00,2025-08-29 01:45:35.978354920,2025-08-29 02:27:03.506078014,Hub 1,13.152631137249145,80.08566231735311,44.52,7,0.352,282.54
ORD100960,2025-08-29 00:00:00,2025-08-29 04:34:31.887637525,2025-08-29 04:46:06.090988632,Hub 1,12.935217288941702,80.27941574244288,11.71,4,0.185,146.8
ORD100961,2025-08-29 06:00:00,2025-08-29 11:27:49.706727156,2025-08-29 11:53:37.203251226,Hub 2,13.078098726768838,80.25131658515797,18.77,6,0.349,175.5
ORD100962,2025-08-29 12:00:00,2025-08-29 17:29:12.611167299,2025-08-29 17:58:22.050421143,Hub 3,13.133740074795192,80.18059726643656,22.64,4,0.509,183.45
ORD100963,2025-08-29 18:00:00,2025-08-29 22:42:40.399782559,2025-08-29 23:19:02.440900819,Hub 1,13.064928458914657,80.21479293144402,7.93,7,0.841,136.0
ORD100964,2025-08-30 00:00:00,2025-08-30 03:36:25.398074998,2025-08-30 03:46:29.927573200,Hub 1,13.15084783107643,80.14359520609793,5.48,1,0.545,86.44
ORD100965,2025-08-30 06:00:00,2025-08-30 13:02:23.424975549,2025-08-30 13:32:01.942155675,Hub 2,12.987337802534965,80.1947501260706,37.68,6,0.286,258.79
ORD100966,2025-08-30 12:00:00,2025-08-30 19:07:00.647409475,2025-08-30 19:55:06.339140719,Hub 3,13.18467776672713,80.20200179469482,44.0,3,0.703,267.19
ORD100967,2025-08-30 18:00:00,2025-08-30 22:55:00.953323402,2025-08-30 23:21:49.762241068,Hub 3,12.896600751462334,80.16617118135342,19.4,2,0.685,151.69
ORD100968,2025-08-31 00:00:00,2025-08-31 03:46:50.682886910,2025-08-31 04:09:57.942955322,Hub 2,12.885752335380138,80.32197166320164,5.77,2,0.463,86.92
ORD100969,2025-08-31 06:00:00,2025-08-31 10:18:08.971712910,2025-08-31 10:45:47.754438534,Hub 2,13.080542251172604,80.0548185594943,4.83,6,0.595,134.22
ORD100970,2025-08-31 12:00:00,2025-08-31 19:24:38.004862046,2025-08-31 20:10:12.952132274,Hub 3,13.17999089949464,80.28465137892736,40.33,7,0.395,278.51
ORD100971,2025-08-31 18:00:00,2025-08-31 22:58:43.203821487,2025-08-31 23:36:01.311247671,Hub 1,13.133109211572714,80.08731484937239,21.94,1,0.667,170.83
ORD100972,2025-09-01 00:00:00,2025-09-01 04:36:48.352383655,2025-09-01 05:09:16.508258797,Hub 3,12.876745900803318,80.28926420816116,15.76,2,0.894,140.86
ORD100973,2025-09-01 06:00:00,2025-09-01 11:01:26.350398987,2025-09-01 11:25:45.586385241,Hub 2,12.94777869987715,80.23477357470301,22.49,1,0.533,154.63
ORD100974,2025-09-01 12:00:00,2025-09-01 17:03:26.122821530,2025-09-01 17:32:08.329139876,Hub 1,13.175611609693238,80.30298342728092,15.69,5,0.329,163.98
ORD100975,2025-09-01 18:00:00,2025-09-01 23:31:08.561501468,2025-09-02 00:04:29.344268114,Hub 1,12.938570451480274,80.07925429769227,23.03,4,0.485,170.44
ORD100976,2025-09-02 00:00:00,2025-09-02 07:17:48.277520242,2025-09-02 08:02:39.100487944,Hub 2,13.12340964832542,80.21769419022993,38.96,7,0.554,266.01
ORD100977,2025-09-02 06:00:00,2025-09-02 11:44:20.687686702,2025-09-02 12:19:56.188568824,Hub 2,13.138796268575046,80.20032636407865,27.47,3,0.361,200.37
ORD100978,2025-09-02 12:00:00,2025-09-02 18:15:21.033669250,2025-09-02 18:47:58.658935258,Hub 2,13.023408236211344,80.26185795488901,31.87,4,0.406,209.61
ORD100979,2025-09-02 18:00:00,2025-09-02 23:04:24.251723421,2025-09-02 23:38:25.753214577,Hub 3,12.98522211844691,80.2102871655681,17.68,4,0.725,151.22
ORD100980,2025-09-03 00:00:00,2025-09-03 06:33:46.725832785,2025-09-03 07:15:34.679618241,Hub 3,13.007543551346915,80.21222037013993,33.76,5,0.625,254.22
ORD100981,2025-09-03 06:00:00,2025-09-03 11:51:19.360394942,2025-09-03 12:19:54.004421768,Hub 1,12.929437643027876,80.17887878307282,30.66,2,0.535,189.35
ORD100982,2025-09-03 12:00:00,2025-09-03 16:02:42.349771003,2025-09-03 16:27:16.183487923,Hub 2,13.161286820645095,80.1426503272022,7.14,3,0.63,113.06
ORD100983,2025-09-03 18:00:00,2025-09-03 23:31:07.092805191,2025-09-04 00:17:59.488398885,Hub 1,13.007716879855415,80.19467930837565,26.62,2,0.89,191.17
ORD100984,2025-09-04 00:00:00,2025-09-04 04:59:11.991102396,2025-09-04 05:34:55.004671050,Hub 1,13.158860804159634,80.08554770763051,13.04,6,0.693,139.14
ORD100985,2025-09-04 06:00:00,2025-09-04 12:38:52.834138274,2025-09-04 13:19:32.935697294,Hub 1,12.886992717967196,80.33845400169491,36.58,4,0.576,240.0
ORD100986,2025-09-04 12:00:00,2025-09-04 17:35:34.596439224,2025-09-04 18:08:41.687584452,Hub 1,13.195896344850045,80.26432322908798,20.32,6,0.55,192.91
ORD100987,2025-09-04 18:00:00,2025-09-05 00:52:51.425731034,2025-09-05 01:33:44.681528258,Hub 2,13.005145580605266,80.33574013500635,44.77,1,0.524,254.36
ORD100988,2025-09-05 00:00:00,2025-09-05 04:05:53.255649411,2025-09-05 04:34:56.305135431,Hub 1,12.866740787137937,80.11801821469899,5.98,4,0.641,122.15
ORD100989,2025-09-05 06:00:00,2025-09-05 12:15:46.487429348,2025-09-05 12:58:59.743626878,Hub 2,12.86330764688311,80.31380230605295,35.55,2,0.705,221.33
ORD100990,2025-09-05 12:00:00,2025-09-05 18:10:50.752362694,2025-09-05 18:44:31.096397746,Hub 2,13.111172540118643,80.29263699536905,30.97,4,0.492,222.61
ORD100991,2025-09-05 18:00:00,2025-09-06 00:04:00.734914621,2025-09-06 00:47:38.877900643,Hub 3,13.080662436971288,80.25314572373729,35.0,1,0.85,211.5
ORD100992,2025-09-06 00:00:00,2025-09-06 05:01:07.134361827,2025-09-06 05:37:40.320156411,Hub 2,13.130745695344656,80.23750875582556,15.22,5,0.731,152.28
ORD100993,2025-09-06 06:00:00,2025-09-06 11:49:47.502913033,2025-09-06 12:23:47.244747067,Hub 3,12.886878636883482,80.14496489958036,23.16,6,0.692,193.72
ORD100994,2025-09-06 12:00:00,2025-09-06 18:55:14.959904437,2025-09-06 19:46:17.899964551,Hub 2,12.862449803462441,80.2949232354895,36.25,6,0.851,250.57
ORD100995,2025-09-06 18:00:00,2025-09-06 22:17:59.783177907,2025-09-06 22:27:32.414038947,Hub 2,13.028002751306651,80.20045463844392,12.0,2,0.43,128.07
ORD100996,2025-09-07 00:00:00,2025-09-07 04:34:35.828238572,2025-09-07 05:08:04.668137594,Hub 2,12.98565833101897,80.07126747276739,11.72,4,0.745,129.0
ORD100997,2025-09-07 06:00:00,2025-09-07 11:26:28.557297506,2025-09-07 11:57:46.831924406,Hub 3,13.011681427834834,80.14385894825654,25.7,2,0.435,179.81
ORD100998,2025-09-07 12:00:00,2025-09-07 17:47:33.970175934,2025-09-07 18:19:22.631942958,Hub 3,13.197055943104596,80.33058912956359,24.51,5,0.284,191.5
ORD100999,2025-09-07 18:00:00,2025-09-07 22:46:41.185868325,2025-09-07 23:12:25.671324639,Hub 1,13.189762485184733,80.30520407818145,14.14,4,0.558,146.71
ORD101000,2025-09-08 00:00:00,2025-09-08 04:50:05.175891769,2025-09-08 05:14:41.020877395,Hub 3,13.179810386385617,80.34457170942295,14.82,4,0.356,157.26
ORD101001,2025-09-08 06:00:00,2025-09-08 10:27:44.202605364,2025-09-08 11:00:12.839318898,Hub 3,13.124344936868685,80.23839801478123,13.95,2,0.587,127.82
ORD101002,2025-09-08 12:00:00,2025-09-08 18:13:52.505599782,2025-09-08 18:59:54.414066450,Hub 3,12.974194476089911,80.12425302194212,35.18,2,0.665,226.92
ORD101003,2025-09-08 18:00:00,2025-09-08 23:39:09.521165754,2025-09-09 00:11:28.356064404,Hub 3,12.99424582559197,80.09884451490305,30.03,1,0.578,190.99
ORD101004,2025-09-09 00:00:00,2025-09-09 07:11:58.181665992,2025-09-09 07:49:57.601122624,Hub 1,13.042365615301623,80.10607433218253,37.79,7,0.24,263.32
ORD101005,2025-09-09 06:00:00,2025-09-09 13:42:43.602065251,2025-09-09 14:43:27.721857403,Hub 3,13.140687059741694,80.05593869750417,43.95,7,0.82,320.38
ORD101006,2025-09-09 12:00:00,2025-09-09 17:36:56.719421910,2025-09-09 18:07:41.276682528,Hub 2,12.874049491381394,80.16720463329578,22.39,5,0.737,182.25
ORD101007,2025-09-09 18:00:00,2025-09-09 22:27:20.351070129,2025-09-09 22:55:51.160575867,Hub 2,12.99850391005971,80.10742830414986,4.87,7,0.678,145.32
ORD101008,2025-09-10 00:00:00,2025-09-10 03:29:20.390804314,2025-09-10 03:53:06.832787050,Hub 3,12.878916182210745,80.17349663813701,4.07,1,0.534,86.02
ORD101009,2025-09-10 06:00:00,2025-09-10 11:07:34.079006604,2025-09-10 11:47:49.666222409,Hub 3,13.030130155300728,80.33049832955163,14.71,6,0.732,165.59
ORD101010,2025-09-10 12:00:00,2025-09-10 19:06:29.825202646,2025-09-10 20:00:33.814232440,Hub 2,13.164615288402182,80.17916206285216,42.1,4,0.923,285.3
ORD101011,2025-09-10 18:00:00,2025-09-10 23:20:29.448409124,2025-09-10 23:43:14.265739034,Hub 2,13.123869723597378,80.31339534909544,24.5,2,0.552,160.15
ORD101012,2025-09-11 00:00:00,2025-09-11 04:44:26.046057433,2025-09-11 05:18:55.949596231,Hub 1,12.929744846140087,80.23165142998477,13.69,4,0.849,147.29
ORD101013,2025-09-11 06:00:00,2025-09-11 11:11:49.251649192,2025-09-11 11:36:36.054902422,Hub 2,13.191596797359576,80.12413946639842,19.16,4,0.448,156.77
ORD101014,2025-09-11 12:00:00,2025-09-11 17:45:41.876885520,2025-09-11 18:25:55.224102426,Hub 2,13.08357263931625,80.15675642777776,27.74,3,0.752,203.85
ORD101015,2025-09-11 18:00:00,2025-09-12 00:24:23.050589979,2025-09-12 01:03:37.346852967,Hub 3,12.853649694789091,80.07517586074643,30.08,6,0.71,224.61
ORD101016,2025-09-12 00:00:00,2025-09-12 04:10:05.561676199,2025-09-12 04:27:40.474098157,Hub 2,12.939394719639827,80.1500387780788,8.62,3,0.539,119.44
ORD101017,2025-09-12 06:00:00,2025-09-12 13:43:03.708627434,2025-09-12 14:21:20.886705164,Hub 1,12.94124965497197,80.25326228365105,44.01,7,0.556,295.48
ORD101018,2025-09-12 12:00:00,2025-09-12 17:43:07.561728076,2025-09-12 18:29:49.207321600,Hub 2,12.874239007200051,80.07163332787883,25.43,4,0.824,196.43
ORD101019,2025-09-12 18:00:00,2025-09-12 21:57:10.379299521,2025-09-12 22:20:06.583558077,Hub 3,13.185939281326574,80.11162042254341,7.83,2,0.705,111.12
ORD101020,2025-09-13 00:00:00,2025-09-13 06:58:07.894768166,2025-09-13 07:45:47.371477580,Hub 3,13.017389353101573,80.16443231242398,40.43,4,0.746,259.55
ORD101021,2025-09-13 06:00:00,2025-09-13 10:20:02.835760923,2025-09-13 10:45:52.165704711,Hub 2,13.163535109080158,80.34461486110479,5.21,6,0.559,117.35
ORD101022,2025-09-13 12:00:00,2025-09-13 18:52:09.787087988,2025-09-13 19:26:43.647340556,Hub 3,12.962775426205619,80.28545854688765,41.03,3,0.513,274.01
ORD101023,2025-09-13 18:00:00,2025-09-14 01:02:15.696966127,2025-09-14 01:31:48.328510698,Hub 1,12.89383174965149,80.27004602394763,44.85,2,0.327,252.02
ORD101024,2025-09-14 00:00:00,2025-09-14 06:16:35.570209119,2025-09-14 06:43:04.186625223,Hub 1,13.016017638467174,80.08485728695763,32.12,4,0.314,200.43
ORD101025,2025-09-14 06:00:00,2025-09-14 12:40:38.769151854,2025-09-14 13:23:19.518932532,Hub 2,12.88988482215001,80.2842987680845,35.13,5,0.779,241.39
ORD101026,2025-09-14 12:00:00,2025-09-14 17:16:31.206590428,2025-09-14 17:54:11.890195570,Hub 2,13.020105426042138,80.2855806434548,16.5,6,0.711,166.39
ORD101027,2025-09-14 18:00:00,2025-09-15 01:26:26.341400266,2025-09-15 02:11:19.417315636,Hub 2,13.172104013426791,80.2303308086873,42.49,6,0.66,291.25
ORD101028,2025-09-15 00:00:00,2025-09-15 05:48:53.310162798,2025-09-15 06:29:02.285657238,Hub 3,13.032268849641975,80.3471085345995,24.78,5,0.412,199.87
ORD101029,2025-09-15 06:00:00,2025-09-15 12:23:27.810961108,2025-09-15 13:04:52.100699182,Hub 1,13.065774904413278,80.14757617177736,33.49,4,0.474,230.34
ORD101030,2025-09-15 12:00:00,2025-09-15 19:22:40.989535255,2025-09-15 20:14:51.159204235,Hub 1,12.904823452940832,80.33238173447255,41.74,6,0.647,278.27
ORD101031,2025-09-15 18:00:00,2025-09-16 00:57:39.821690084,2025-09-16 01:35:20.477678444,Hub 3,12.865307469057988,80.32441933448695,43.93,2,0.445,252.17
ORD101032,2025-09-16 00:00:00,2025-09-16 06:45:08.336200096,2025-09-16 07:39:36.047780230,Hub 1,12.888782786762931,80.0534441979248,37.83,4,0.803,248.98
ORD101033,2025-09-16 06:00:00,2025-09-16 10:51:08.925840068,2025-09-16 11:16:16.281639758,Hub 2,13.059486051489527,80.18503495794243,15.03,4,0.478,149.03
ORD101034,2025-09-16 12:00:00,2025-09-16 19:04:48.462963520,2025-09-16 19:47:51.236807224,Hub 2,12.883254094647306,80.34313126991546,43.56,3,0.59,270.44
ORD101035,2025-09-16 18:00:00,2025-09-17 00:19:02.741953040,2025-09-17 00:54:16.225006916,Hub 2,12.981597511479459,80.08093640872242,29.01,6,0.377,225.06
ORD101036,2025-09-17 00:00:00,2025-09-17 07:24:05.287944942,2025-09-17 08:04:50.251514112,Hub 1,13.042532179160354,80.214335408315,42.02,6,0.205,277.58
ORD101037,2025-09-17 06:00:00,2025-09-17 12:20:21.754833003,2025-09-17 13:00:23.343405591,Hub 2,12.986028479520446,80.34368725211233,31.07,5,0.49,229.3
ORD101038,2025-09-17 12:00:00,2025-09-17 16:43:03.382607834,2025-09-17 17:07:24.193976972,Hub 3,12.907289330512855,80.21664862723175,15.21,3,0.554,151.05
ORD101039,2025-09-17 18:00:00,2025-09-17 23:32:33.316361440,2025-09-18 00:01:42.227757280,Hub 3,12.945826957629937,80.10694459089164,17.91,7,0.458,187.7
ORD101040,2025-09-18 00:00:00,2025-09-18 05:35:21.085924628,2025-09-18 06:02:14.180066624,Hub 1,13.174911136497002,80.22465496902777,25.67,3,0.203,183.74
ORD101041,2025-09-18 06:00:00,2025-09-18 12:53:51.191456121,2025-09-18 13:47:59.701889049,Hub 3,13.086593796455224,80.11133217218486,35.97,6,0.871,271.01
ORD101042,2025-09-18 12:00:00,2025-09-18 16:54:21.974912290,2025-09-18 17:20:56.767905124,Hub 3,13.02361674353796,80.20591127886834,15.67,4,0.557,148.65
ORD101043,2025-09-18 18:00:00,2025-09-18 23:41:38.532043132,2025-09-19 00:09:41.535148768,Hub 1,12.854450211495413,80.0722126653737,26.93,3,0.667,188.59
ORD101044,2025-09-19 00:00:00,2025-09-19 05:09:18.562417135,2025-09-19 05:34:58.368527437,Hub 2,13.197345390171314,80.23164480076431,16.86,5,0.397,154.27
ORD101045,2025-09-19 06:00:00,2025-09-19 12:32:23.425319792,2025-09-19 13:06:03.064688660,Hub 2,13.085009227213124,80.20503698173844,37.08,3,0.226,230.71
ORD101046,2025-09-19 12:00:00,2025-09-19 17:35:20.792409604,2025-09-19 18:12:23.755387714,Hub 2,12.96092286707073,80.27204841062843,22.07,5,0.335,169.57
ORD101047,2025-09-19 18:00:00,2025-09-19 22:29:29.724466401,2025-09-19 22:52:23.120647971,Hub 1,13.157744030999243,80.23921014134763,5.3,7,0.619,139.33
ORD101048,2025-09-20 00:00:00,2025-09-20 04:12:42.077527113,2025-09-20 04:40:31.072408275,Hub 3,12.940451067102137,80.21488188055922,9.14,3,0.817,122.85
ORD101049,2025-09-20 06:00:00,2025-09-20 10:08:08.250212291,2025-09-20 10:30:23.847772642,Hub 2,13.040405802713963,80.25693365477443,4.63,5,0.566,124.84
ORD101050,2025-09-20 12:00:00,2025-09-20 17:24:21.008003583,2025-09-20 18:03:57.071446887,Hub 2,13.072624767305438,80.09318257407166,23.47,3,0.617,174.53
ORD101051,2025-09-20 18:00:00,2025-09-20 22:35:51.751135791,2025-09-20 23:02:06.320411619,Hub 1,12.927372180008804,80.22860789837758,6.57,7,0.492,136.82
ORD101052,2025-09-21 00:00:00,2025-09-21 04:01:32.405604096,2025-09-21 04:23:50.708173068,Hub 2,13.192439047580208,80.10163318084683,6.91,3,0.742,121.83
ORD101053,2025-09-21 06:00:00,2025-09-21 12:50:19.522554496,2025-09-21 13:24:33.546274306,Hub 1,13.11186716709265,80.32765666235557,42.47,2,0.203,254.49
ORD101054,2025-09-21 12:00:00,2025-09-21 19:02:37.250431072,2025-09-21 19:39:53.135650312,Hub 3,13.045234628928874,80.07050023145368,39.52,5,0.402,253.6
ORD101055,2025-09-21 18:00:00,2025-09-21 23:50:11.917098866,2025-09-22 00:15:41.020135802,Hub 1,12.913208109361355,80.17911242490723,21.44,7,0.373,199.95
ORD101056,2025-09-22 00:00:00,2025-09-22 07:26:56.888638969,2025-09-22 08:09:23.425273423,Hub 1,12.868850372449309,80.25873924329663,44.39,5,0.6,285.79
ORD101057,2025-09-22 06:00:00,2025-09-22 09:55:02.406213400,2025-09-22 10:30:21.781770016,Hub 1,12.962020941382344,80.18740666350047,2.01,5,0.722,110.86
ORD101058,2025-09-22 12:00:00,2025-09-22 17:31:00.334985926,2025-09-22 17:56:55.773394960,Hub 1,13.11361556756969,80.07762857596987,28.4,1,0.275,175.69
ORD101059,2025-09-22 18:00:00,2025-09-23 00:25:31.923488096,2025-09-23 01:13:22.685422568,Hub 3,12.944265954405708,80.216013704838,28.51,7,0.845,247.88
ORD101060,2025-09-23 00:00:00,2025-09-23 05:15:21.015420721,2025-09-23 05:36:42.884380879,Hub 3,13.038844677173426,80.2424895726482,21.67,3,0.248,149.85
ORD101061,2025-09-23 06:00:00,2025-09-23 11:20:20.628850851,2025-09-23 12:00:02.279993355,Hub 2,13.104781511855759,80.26113769329714,19.07,5,0.81,177.92
ORD101062,2025-09-23 12:00:00,2025-09-23 17:41:54.442447699,2025-09-23 18:25:00.173548891,Hub 3,12.887780300126263,80.16197794433883,21.58,6,0.833,203.89
ORD101063,2025-09-23 18:00:00,2025-09-23 22:48:12.989625429,2025-09-23 23:07:07.648156137,Hub 3,13.089854305640555,80.21909799130863,19.84,1,0.201,144.03
ORD101064,2025-09-24 00:00:00,2025-09-24 06:05:03.352959520,2025-09-24 06:44:05.288479078,Hub 2,12.882154810698514,80.18520594248167,33.41,2,0.683,225.81
ORD101065,2025-09-24 06:00:00,2025-09-24 10:24:06.085111154,2025-09-24 10:57:05.739818600,Hub 3,13.187795409744448,80.25161681162567,7.82,5,0.674,140.91
ORD101066,2025-09-24 12:00:00,2025-09-24 16:37:29.545945626,2025-09-24 16:56:30.363365346,Hub 1,13.020937945522729,80.22506709019744,10.5,5,0.225,131.31
ORD101067,2025-09-24 18:00:00,2025-09-24 21:57:48.685146264,2025-09-24 22:05:22.892498652,Hub 1,12.902736637698457,80.20772686586774,9.76,1,0.224,108.87
ORD101068,2025-09-25 00:00:00,2025-09-25 04:33:25.870548063,2025-09-25 04:51:33.966223647,Hub 2,12.96983427261174,80.12485731005147,13.29,3,0.376,126.6
ORD101069,2025-09-25 06:00:00,2025-09-25 11:56:55.833602283,2025-09-25 12:22:49.312306575,Hub 2,12.994695757253341,80.05060555532447,24.59,6,0.531,214.32
ORD101070,2025-09-25 12:00:00,2025-09-25 15:51:54.592840663,2025-09-25 16:20:44.860869397,Hub 2,13.115364753876788,80.10222450259343,6.78,2,0.479,113.55
ORD101071,2025-09-25 18:00:00,2025-09-26 01:01:39.383909713,2025-09-26 01:48:05.620115911,Hub 1,13.110198325126813,80.08511981242725,39.33,5,0.52,270.3
ORD101072,2025-09-26 00:00:00,2025-09-26 04:40:55.963753878,2025-09-26 05:05:04.826682564,Hub 3,13.064179176868066,80.18472542350328,14.79,3,0.627,144.48
ORD101073,2025-09-26 06:00:00,2025-09-26 10:47:56.740038345,2025-09-26 11:16:47.932533597,Hub 1,12.887075749395471,80.23367744522855,8.99,7,0.593,147.95
ORD101074,2025-09-26 12:00:00,2025-09-26 18:29:15.514893816,2025-09-26 19:06:19.833393492,Hub 2,12.903049280055685,80.11392550260544,31.05,6,0.567,222.53
ORD101075,2025-09-26 18:00:00,2025-09-26 22:21:11.313277732,2025-09-26 22:54:07.197013144,Hub 3,12.882814922225945,80.33171712879015,3.64,7,0.509,128.94
ORD101076,2025-09-27 00:00:00,2025-09-27 06:17:17.594486876,2025-09-27 06:47:45.161697188,Hub 3,13.052010474150642,80.05200463876716,28.66,6,0.512,214.68
ORD101077,2025-09-27 06:00:00,2025-09-27 11:58:06.759755727,2025-09-27 12:41:03.251606079,Hub 1,13.15699845452899,80.2816903045496,32.02,2,0.87,206.55
ORD101078,2025-09-27 12:00:00,2025-09-27 16:32:12.423254888,2025-09-27 16:59:01.411622462,Hub 2,13.00183017928917,80.23756143085913,11.24,4,0.607,126.83
ORD101079,2025-09-27 18:00:00,2025-09-27 22:13:01.336547424,2025-09-27 22:35:54.134790426,Hub 1,12.906296860885211,80.1620664403143,3.8,6,0.306,111.42
ORD101080,2025-09-28 00:00:00,2025-09-28 05:04:11.025130062,2025-09-28 05:36:41.570309676,Hub 3,13.045314813802138,80.06514668332372,17.64,4,0.693,164.71
ORD101081,2025-09-28 06:00:00,2025-09-28 10:34:11.865570121,2025-09-28 10:47:18.307278721,Hub 1,13.134113275902997,80.23824597153528,6.24,7,0.319,135.77
ORD101082,2025-09-28 12:00:00,2025-09-28 16:29:02.564260785,2025-09-28 16:54:37.370627295,Hub 1,13.109599221529525,80.16568405385969,7.01,6,0.559,128.82
ORD101083,2025-09-28 18:00:00,2025-09-28 22:22:39.969885637,2025-09-28 22:42:11.966135647,Hub 2,13.158507772886257,80.33088014182395,12.93,2,0.571,135.3
ORD101084,2025-09-29 00:00:00,2025-09-29 04:22:31.536227686,2025-09-29 04:41:42.188338738,Hub 2,12.947265734037103,80.21259702246692,14.71,1,0.368,120.45
ORD101085,2025-09-29 06:00:00,2025-09-29 11:21:56.617399177,2025-09-29 11:57:51.896126941,Hub 3,12.91788385354372,80.33189545338804,24.79,2,0.485,168.5
ORD101086,2025-09-29 12:00:00,2025-09-29 17:53:51.255322987,2025-09-29 18:19:25.476540895,Hub 1,13.157935770079678,80.11614510804199,31.17,2,0.565,205.03
ORD101087,2025-09-29 18:00:00,2025-09-29 23:26:26.745137224,2025-09-29 23:52:32.707025464,Hub 1,13.080146109472308,80.26771777310923,27.49,1,0.539,194.95
ORD101088,2025-09-30 00:00:00,2025-09-30 03:50:53.848351035,2025-09-30 04:06:59.112199185,Hub 1,12.958825125502644,80.23517470625461,8.38,1,0.51,101.07
ORD101089,2025-09-30 06:00:00,2025-09-30 10:13:59.909818638,2025-09-30 10:41:29.936209140,Hub 3,13.109821817700377,80.2718224689494,9.4,3,0.79,121.37
ORD101090,2025-09-30 12:00:00,2025-09-30 19:12:56.123322328,2025-09-30 20:04:57.201856258,Hub 3,13.135291434568128,80.11440035919176,39.79,6,0.697,261.83
ORD101091,2025-09-30 18:00:00,2025-10-01 00:13:02.744864328,2025-10-01 00:59:40.117938510,Hub 2,13.065242384119395,80.24949835487132,26.01,7,0.907,226.63
ORD101092,2025-10-01 00:00:00,2025-10-01 06:44:02.198044381,2025-10-01 07:27:10.164633714,Hub 2,13.090759438457969,80.19941211791706,39.41,3,0.595,248.29
ORD101093,2025-10-01 06:00:00,2025-10-01 10:38:52.949996026,2025-10-01 11:02:35.274721756,Hub 2,12.981340966554933,80.2728474924719,17.98,1,0.618,137.76
ORD101094,2025-10-01 12:00:00,2025-10-01 17:58:05.760095865,2025-10-01 18:36:32.704076133,Hub 1,13.038543483570063,80.14811339324554,28.42,4,0.627,195.57
ORD101095,2025-10-01 18:00:00,2025-10-02 00:05:35.258067103,2025-10-02 00:44:46.574488915,Hub 1,13.033455709754156,80.31701710763957,24.52,7,0.453,206.22
ORD101096,2025-10-02 00:00:00,2025-10-02 04:54:36.693018684,2025-10-02 05:16:27.683447922,Hub 2,13.14681672689577,80.0752903943834,15.72,4,0.435,163.36
ORD101097,2025-10-02 06:00:00,2025-10-02 11:09:01.908299231,2025-10-02 11:45:03.041419667,Hub 1,13.143987393098763,80.29215679563735,22.21,2,0.676,179.26
ORD101098,2025-10-02 12:00:00,2025-10-02 17:43:02.132311069,2025-10-02 18:13:42.628951213,Hub 2,13.141438164271465,80.30839588774452,23.61,5,0.397,185.0
ORD101099,2025-10-02 18:00:00,2025-10-02 22:11:09.945574360,2025-10-02 22:45:54.432482410,Hub 3,12.853861064991863,80.29517569341004,10.63,2,0.827,127.57
ORD101100,2025-10-03 00:00:00,2025-10-03 04:35:43.633803660,2025-10-03 04:57:11.216807622,Hub 2,13.11234091956411,80.20381791827853,15.55,2,0.437,125.6
ORD101101,2025-10-03 06:00:00,2025-10-03 12:45:09.185781538,2025-10-03 13:31:19.760293774,Hub 3,13.115536736538852,80.18151549400922,36.03,5,0.678,261.13
ORD101102,2025-10-03 12:00:00,2025-10-03 19:20:53.668288957,2025-10-03 20:06:37.467718195,Hub 1,13.087432587999299,80.34887868595746,41.38,6,0.567,280.09
ORD101103,2025-10-03 18:00:00,2025-10-03 22:36:21.343806734,2025-10-03 23:04:47.865059804,Hub 2,13.114692630262008,80.11875158536425,17.47,1,0.713,148.23
ORD101104,2025-10-04 00:00:00,2025-10-04 04:51:59.942440497,2025-10-04 05:18:30.409229415,Hub 1,13.144689630023848,80.2140627897628,15.2,4,0.434,135.8
ORD101105,2025-10-04 06:00:00,2025-10-04 10:09:58.043422976,2025-10-04 10:32:17.220548744,Hub 3,13.014611668935624,80.2512026576147,10.39,2,0.437,118.81
ORD101106,2025-10-04 12:00:00,2025-10-04 18:20:52.536075594,2025-10-04 18:56:35.278185804,Hub 3,13.025717574720955,80.26026029075842,31.18,5,0.693,229.73
ORD101107,2025-10-04 18:00:00,2025-10-04 22:46:27.986151496,2025-10-04 23:29:01.637737605,Hub 3,12.893649919918987,80.11120739972156,15.89,3,0.886,160.29
ORD101108,2025-10-05 00:00:00,2025-10-05 07:00:21.969054378,2025-10-05 07:37:27.655689918,Hub 1,12.984881559066576,80.24619822770194,44.47,2,0.757,270.25
ORD101109,2025-10-05 06:00:00,2025-10-05 10:56:01.333946623,2025-10-05 11:29:17.397887365,Hub 1,13.075177812969123,80.2955108699444,16.0,4,0.876,162.26
ORD101110,2025-10-05 12:00:00,2025-10-05 16:43:44.355003495,2025-10-05 17:02:41.480954007,Hub 1,13.123139921651546,80.06500557304634,18.95,1,0.3,133.78
ORD101111,2025-10-05 18:00:00,2025-10-05 23:37:43.011131134,2025-10-06 00:15:54.590479210,Hub 1,12.926023184191923,80.3234563879976,27.94,2,0.71,198.81
ORD101112,2025-10-06 00:00:00,2025-10-06 06:20:21.727382168,2025-10-06 07:10:15.574732340,Hub 3,12.898238014705733,80.05885121654356,36.47,2,0.758,228.87
ORD101113,2025-10-06 06:00:00,2025-10-06 11:44:56.790782959,2025-10-06 12:09:06.741590647,Hub 3,13.082064701575172,80.15679130974651,22.19,6,0.49,189.02
ORD101114,2025-10-06 12:00:00,2025-10-06 17:25:52.262835877,2025-10-06 17:51:40.927399453,Hub 2,12.850657959233718,80.05474395886989,20.17,5,0.39,170.17
ORD101115,2025-10-06 18:00:00,2025-10-07 01:11:03.728053374,2025-10-07 01:45:54.195104130,Hub 2,12.912430404507566,80.07314355056187,44.81,3,0.653,258.46
ORD101116,2025-10-07 00:00:00,2025-10-07 03:39:15.367970703,2025-10-07 04:03:42.151321149,Hub 1,12.860174983120384,80.32335048555402,2.45,3,0.738,89.96
ORD101117,2025-10-07 06:00:00,2025-10-07 13:25:26.342226181,2025-10-07 14:14:30.721875697,Hub 3,12.908409791249204,80.15645824922385,40.49,7,0.598,291.83
ORD101118,2025-10-07 12:00:00,2025-10-07 15:51:03.916654621,2025-10-07 16:21:33.900875893,Hub 3,12.913461747973926,80.17743145912752,8.41,1,0.657,102.89
ORD101119,2025-10-07 18:00:00,2025-10-08 01:01:58.436063094,2025-10-08 01:54:51.788252592,Hub 3,12.985685758162637,80.11460331441477,35.79,7,0.884,264.78
ORD101120,2025-10-08 00:00:00,2025-10-08 05:58:51.317122018,2025-10-08 06:43:35.400880096,Hub 2,12.990814493640293,80.22912873105601,28.57,4,0.712,217.68
ORD101121,2025-10-08 06:00:00,2025-10-08 10:32:29.829982923,2025-10-08 11:07:06.614652249,Hub 2,13.155991864713583,80.22844096440333,16.7,1,0.84,133.29
ORD101122,2025-10-08 12:00:00,2025-10-08 18:35:52.986926219,2025-10-08 19:17:02.068142621,Hub 3,13.028538399374588,80.16166011754756,39.58,2,0.742,242.83
ORD101123,2025-10-08 18:00:00,2025-10-08 21:30:46.503240955,2025-10-08 21:46:55.136924539,Hub 3,13.1031916679643,80.14991046154161,2.56,2,0.751,85.32
ORD101124,2025-10-09 00:00:00,2025-10-09 04:25:44.309411767,2025-10-09 04:57:51.835306879,Hub 3,12.8864480752721,80.31548929245417,11.75,3,0.792,140.4
ORD101125,2025-10-09 06:00:00,2025-10-09 11:47:52.917071618,2025-10-09 12:17:50.067436634,Hub 2,12.928903564412293,80.16498527189266,26.38,4,0.676,188.69
ORD101126,2025-10-09 12:00:00,2025-10-09 17:10:34.895154640,2025-10-09 17:51:23.816999800,Hub 3,13.096030204342537,80.19805029764632,17.12,5,0.697,164.03
ORD101127,2025-10-09 18:00:00,2025-10-09 23:57:13.869689605,2025-10-10 00:31:40.782771721,Hub 3,12.868481386163985,80.13499142872747,28.25,4,0.549,193.51
ORD101128,2025-10-10 00:00:00,2025-10-10 03:33:11.021494971,2025-10-10 04:00:25.440372417,Hub 1,13.020309181785313,80.28603085100713,3.04,2,0.664,84.95
ORD101129,2025-10-10 06:00:00,2025-10-10 10:20:02.320203213,2025-10-10 10:38:30.984814695,Hub 1,13.059779137982026,80.16923444706973,7.01,5,0.381,131.74
ORD101130,2025-10-10 12:00:00,2025-10-10 16:13:19.541498818,2025-10-10 16:45:28.998464878,Hub 2,13.060750975418367,80.2040833139633,7.47,4,0.828,120.88
ORD101131,2025-10-10 18:00:00,2025-10-10 22:26:41.759032315,2025-10-10 22:52:53.939509381,Hub 3,12.858026483943814,80.1260071510179,10.14,4,0.543,126.36
ORD101132,2025-10-11 00:00:00,2025-10-11 05:33:45.375586325,2025-10-11 06:10:34.882907111,Hub 3,12.962737801480214,80.34629787770237,21.75,5,0.703,197.4
ORD101133,2025-10-11 06:00:00,2025-10-11 12:09:42.460224112,2025-10-11 12:48:29.464395484,Hub 1,13.072771727867202,80.13744872227711,34.34,2,0.762,229.03
ORD101134,2025-10-11 12:00:00,2025-10-11 19:00:41.451009282,2025-10-11 19:38:50.010301512,Hub 2,12.902149907652234,80.28122275927166,40.94,4,0.307,254.36
ORD101135,2025-10-11 18:00:00,2025-10-12 00:54:36.305640666,2025-10-12 01:31:53.332456811,Hub 1,13.093395476914818,80.17824869510703,37.92,5,0.542,260.59
ORD101136,2025-10-12 00:00:00,2025-10-12 04:46:19.853545908,2025-10-12 05:08:12.030566238,Hub 1,13.111073823084785,80.11186522152524,10.47,6,0.526,138.87
ORD101137,2025-10-12 06:00:00,2025-10-12 11:38:50.842123774,2025-10-12 12:20:33.698926312,Hub 1,13.19368921665615,80.28991562918945,20.97,6,0.599,204.07
ORD101138,2025-10-12 12:00:00,2025-10-12 16:10:52.409611084,2025-10-12 16:38:54.744527284,Hub 1,12.923444698199743,80.15008203670871,10.57,2,0.623,135.07
ORD101139,2025-10-12 18:00:00,2025-10-12 22:51:51.686435005,2025-10-12 23:26:52.842283567,Hub 3,13.13879573368314,80.30955800421934,13.37,5,0.793,161.2
ORD101140,2025-10-13 00:00:00,2025-10-13 05:52:15.756061504,2025-10-13 06:41:29.419392082,Hub 3,13.032103801921528,80.32457715547534,23.65,6,0.756,190.78
ORD101141,2025-10-13 06:00:00,2025-10-13 10:09:38.606418932,2025-10-13 10:31:47.216948966,Hub 1,12.980711908650461,80.30794715061738,4.93,5,0.531,111.85
ORD101142,2025-10-13 12:00:00,2025-10-13 16:32:54.448851753,2025-10-13 17:01:20.788662861,Hub 2,12.892831865063812,80.06050237444204,11.38,4,0.383,137.36
ORD101143,2025-10-13 18:00:00,2025-10-14 00:49:06.378280863,2025-10-14 01:27:53.911477569,Hub 2,13.107426962270637,80.28621200350153,42.22,2,0.468,244.31
ORD101144,2025-10-14 00:00:00,2025-10-14 05:44:12.900175296,2025-10-14 06:09:58.030708560,Hub 2,12.93255015970029,80.17340183994973,22.04,6,0.39,203.56
ORD101145,2025-10-14 06:00:00,2025-10-14 11:48:45.486185115,2025-10-14 12:43:21.837531063,Hub 2,12.979997700655565,80.31211687605466,21.15,7,0.929,213.13
ORD101146,2025-10-14 12:00:00,2025-10-14 15:49:07.916296292,2025-10-14 16:22:47.672507618,Hub 1,12.87188977941408,80.24138627880542,2.63,4,0.851,99.39
ORD101147,2025-10-14 18:00:00,2025-10-14 23:06:11.456737052,2025-10-14 23:32:24.112834298,Hub 3,13.13047842053683,80.30009294024319,12.64,7,0.375,161.83
ORD101148,2025-10-15 00:00:00,2025-10-15 07:19:15.172424169,2025-10-15 08:07:36.084876885,Hub 2,13.118305983390075,80.19982953096005,39.25,7,0.505,268.8
ORD101149,2025-10-15 06:00:00,2025-10-15 09:54:23.706724536,2025-10-15 10:17:51.682351242,Hub 1,13.10676554051481,80.21050765137967,9.08,1,0.76,104.86
ORD101150,2025-10-15 12:00:00,2025-10-15 16:48:15.111719996,2025-10-15 17:09:51.853857974,Hub 2,12.95480522867216,80.0933162896401,19.85,1,0.202,135.97
ORD101151,2025-10-15 18:00:00,2025-10-15 21:31:04.868685685,2025-10-15 21:38:22.616525551,Hub 2,12.910718025993084,80.2851962076068,2.62,2,0.592,93.24
ORD101152,2025-10-16 00:00:00,2025-10-16 05:46:50.527713550,2025-10-16 06:21:02.543487658,Hub 1,13.07314364256458,80.17581688350009,22.57,6,0.715,219.02
ORD101153,2025-10-16 06:00:00,2025-10-16 10:08:31.172276767,2025-10-16 10:32:02.972264845,Hub 3,13.023658234439626,80.20002403548148,2.9,6,0.321,100.18
ORD101154,2025-10-16 12:00:00,2025-10-16 19:00:12.963234549,2025-10-16 19:42:53.644176891,Hub 3,12.912388363416625,80.28552931422871,37.24,6,0.578,245.59
ORD101155,2025-10-16 18:00:00,2025-10-17 00:52:20.613600584,2025-10-17 01:39:17.964836582,Hub 1,13.090068944867452,80.22965362002383,37.47,5,0.712,254.66
ORD101156,2025-10-17 00:00:00,2025-10-17 06:35:21.874229098,2025-10-17 07:03:30.504583738,Hub 3,13.196894251137456,80.1103296182328,35.87,4,0.366,222.84
ORD101157,2025-10-17 06:00:00,2025-10-17 11:04:55.396488694,2025-10-17 11:40:49.333081186,Hub 1,13.111526855709712,80.22706979774526,14.18,6,0.394,160.83
ORD101158,2025-10-17 12:00:00,2025-10-17 18:46:00.360115060,2025-10-17 19:34:36.220183756,Hub 1,13.108995235339963,80.17228985739389,38.0,4,0.63,255.19
ORD101159,2025-10-17 18:00:00,2025-10-17 23:24:44.675910608,2025-10-17 23:58:04.631190044,Hub 1,13.182609463525706,80.19085766261315,25.35,2,0.696,193.33
ORD101160,2025-10-18 00:00:00,2025-10-18 05:33:22.124604384,2025-10-18 06:07:42.268879632,Hub 3,12.921027728651215,80.05849338232079,18.07,7,0.637,191.26
ORD101161,2025-10-18 06:00:00,2025-10-18 12:18:26.756480185,2025-10-18 13:05:31.830482713,Hub 1,13.047942487722503,80.11300880485489,28.89,6,0.682,226.43
ORD101162,2025-10-18 12:00:00,2025-10-18 15:30:39.199494178,2025-10-18 16:07:06.385732636,Hub 2,13.192876350261859,80.1343114244143,2.53,2,0.886,73.52
ORD101163,2025-10-18 18:00:00,2025-10-18 22:34:44.195321049,2025-10-18 23:02:41.946284805,Hub 3,12.90785293883956,80.26388800235763,8.15,6,0.389,135.2
ORD101164,2025-10-19 00:00:00,2025-10-19 05:58:35.586642396,2025-10-19 06:42:19.114375536,Hub 3,13.095088185805581,80.05344774198943,33.92,1,0.508,206.2
ORD101165,2025-10-19 06:00:00,2025-10-19 10:29:29.684752440,2025-10-19 10:53:27.457351116,Hub 3,13.055033551090165,80.17263317836874,12.5,3,0.688,140.37
ORD101166,2025-10-19 12:00:00,2025-10-19 17:36:34.317613540,2025-10-19 17:53:32.733701362,Hub 3,13.055267682266047,80.32720806112772,27.71,2,0.113,173.99
ORD101167,2025-10-19 18:00:00,2025-10-19 23:26:47.823576417,2025-10-19 23:54:46.044900069,Hub 2,13.094184719632025,80.08356418496473,18.56,6,0.588,179.24
ORD101168,2025-10-20 00:00:00,2025-10-20 06:40:46.994546510,2025-10-20 07:15:55.684442540,Hub 3,13.175365923006488,80.20492731646559,38.76,3,0.285,225.65
ORD101169,2025-10-20 06:00:00,2025-10-20 12:52:46.157447355,2025-10-20 13:29:36.526718835,Hub 3,13.123903678947968,80.28595671471724,42.95,2,0.373,230.55
ORD101170,2025-10-20 12:00:00,2025-10-20 19:04:57.984995974,2025-10-20 19:53:52.735353388,Hub 1,12.869647636195673,80.33275939225602,39.99,5,0.807,260.24
ORD101171,2025-10-20 18:00:00,2025-10-20 23:02:10.997931548,2025-10-20 23:25:19.233830371,Hub 3,13.148454806956499,80.27403299186011,13.64,6,0.104,139.78
ORD101172,2025-10-21 00:00:00,2025-10-21 04:36:44.701010694,2025-10-21 05:11:40.659167610,Hub 2,12.928939465474006,80.26616966459332,10.35,5,0.623,143.62
ORD101173,2025-10-21 06:00:00,2025-10-21 11:01:00.210127706,2025-10-21 11:19:20.408965070,Hub 2,12.98191995765773,80.29794642705872,22.4,1,0.486,152.65
ORD101174,2025-10-21 12:00:00,2025-10-21 16:05:34.610545788,2025-10-21 16:21:38.006108544,Hub 2,13.011606484764334,80.18386036629326,2.32,6,0.351,105.43
ORD101175,2025-10-21 18:00:00,2025-10-21 22:18:32.941167933,2025-10-21 22:50:54.099995541,Hub 2,13.018317100263573,80.29175335978535,3.11,7,0.642,119.02
ORD101176,2025-10-22 00:00:00,2025-10-22 05:17:57.449251136,2025-10-22 05:46:25.525380698,Hub 3,13.002313139739375,80.05238932142363,25.79,1,0.605,147.56
ORD101177,2025-10-22 06:00:00,2025-10-22 11:28:53.797313733,2025-10-22 12:00:57.589512350,Hub 3,13.178073652975552,80.32736831661303,24.38,3,0.726,197.98
ORD101178,2025-10-22 12:00:00,2025-10-22 19:01:50.107658556,2025-10-22 19:47:43.879026156,Hub 2,13.097106652682408,80.18299195285515,44.77,2,0.527,251.56
ORD101179,2025-10-22 18:00:00,2025-10-22 22:29:23.759676193,2025-10-22 22:41:36.269759221,Hub 2,13.070909726084846,80.21601405635973,10.68,4,0.271,123.98
ORD101180,2025-10-23 00:00:00,2025-10-23 04:14:29.540686171,2025-10-23 04:43:19.558677445,Hub 3,12.86744470972403,80.12646467467447,13.1,1,0.865,113.68
ORD101181,2025-10-23 06:00:00,2025-10-23 10:10:24.674286010,2025-10-23 10:30:54.511347076,Hub 2,13.16636966559113,80.27275924985211,6.88,4,0.363,120.94
ORD101182,2025-10-23 12:00:00,2025-10-23 19:03:16.304824533,2025-10-23 19:42:10.337879595,Hub 1,13.168286567202937,80.07299074194258,41.45,4,0.519,262.63
ORD101183,2025-10-23 18:00:00,2025-10-24 00:15:13.765053513,2025-10-24 01:05:01.047398223,Hub 2,13.123074572200535,80.31179074076404,35.45,2,0.935,221.96
ORD101184,2025-10-24 00:00:00,2025-10-24 06:33:48.174537794,2025-10-24 07:04:27.438441368,Hub 2,12.852460221334766,80.2984350487019,37.36,3,0.338,229.54
ORD101185,2025-10-24 06:00:00,2025-10-24 12:42:05.652864741,2025-10-24 13:26:32.814823299,Hub 1,12.870048087877167,80.11481803487342,40.82,2,0.478,255.43
ORD101186,2025-10-24 12:00:00,2025-10-24 17:56:51.209828764,2025-10-24 18:25:44.778157042,Hub 1,12.928828295793972,80.29279731948557,24.57,6,0.28,201.22
ORD101187,2025-10-24 18:00:00,2025-10-24 22:56:00.392169714,2025-10-24 23:27:13.000569408,Hub 3,12.895972292850717,80.28590731991844,21.4,1,0.583,153.1
ORD101188,2025-10-25 00:00:00,2025-10-25 04:57:02.050010287,2025-10-25 05:30:39.320571949,Hub 3,12.989592610396304,80.23966497932618,16.21,4,0.599,149.52
ORD101189,2025-10-25 06:00:00,2025-10-25 11:34:40.868525085,2025-10-25 11:55:25.420625427,Hub 1,13.172918070330725,80.1620560530699,27.34,2,0.234,165.33
ORD101190,2025-10-25 12:00:00,2025-10-25 17:05:40.191318589,2025-10-25 17:27:44.597881213,Hub 1,13.015221151968948,80.13144962625455,21.53,2,0.7,164.16
ORD101191,2025-10-25 18:00:00,2025-10-25 23:05:05.196067213,2025-10-25 23:35:49.255212367,Hub 3,12.854690919251258,80.1195350770868,21.42,2,0.566,164.88
ORD101192,2025-10-26 00:00:00,2025-10-26 06:40:26.369442130,2025-10-26 07:15:45.873012784,Hub 2,12.948960991352566,80.14558268882908,42.29,1,0.408,247.57
ORD101193,2025-10-26 06:00:00,2025-10-26 13:08:34.006534202,2025-10-26 13:55:41.298854588,Hub 1,12.865608217930536,80.32106753302975,44.31,3,0.619,249.5
ORD101194,2025-10-26 12:00:00,2025-10-26 19:04:14.648622351,2025-10-26 19:48:28.867802007,Hub 3,12.862700667914725,80.07329223279663,36.25,7,0.597,256.19
ORD101195,2025-10-26 18:00:00,2025-10-27 00:10:42.179364184,2025-10-27 00:43:55.014968758,Hub 2,12.946501948583442,80.29866138287588,34.54,2,0.535,212.12
ORD101196,2025-10-27 00:00:00,2025-10-27 05:45:19.200286951,2025-10-27 06:33:59.398845055,Hub 1,12.94646431853763,80.15466702251254,31.26,1,0.797,200.23
ORD101197,2025-10-27 06:00:00,2025-10-27 10:21:42.365595103,2025-10-27 10:44:52.310540599,Hub 2,13.125494310910561,80.2064798188034,9.14,4,0.78,129.83
ORD101198,2025-10-27 12:00:00,2025-10-27 16:16:42.465089294,2025-10-27 16:49:26.937329834,Hub 3,13.19119212847339,80.28834569009454,4.54,6,0.703,125.16
ORD101199,2025-10-27 18:00:00,2025-10-28 00:41:30.369464962,2025-10-28 01:28:57.665924104,Hub 1,12.979922482861499,80.31531296410688,31.7,7,0.896,255.32
